,param_n_estimators,param_learning_rate,param_max_depth,param_num_leaves,param_reg_lambda,param_min_child_weight,param_feature_fraction,param_bagging_fraction,param_bagging_freq,mean_test_score,std_test_score,rank_test_score
319,949,0.041989023721258754,22,8,5.429279584332947,27,0.5398497429092002,0.7119780618179735,3,-0.720942597525536,0.05211931448942901,1
362,980,0.04239476960927639,21,8,5.150458888682317,28,0.542200976609003,0.7116464500901246,3,-0.7215350581178857,0.05169170405803351,2
434,1003,0.041995582658143765,20,8,5.464138147161016,27,0.5392906727744652,0.7115650853124528,3,-0.7221468414928657,0.05178414298412928,3
37,1028,0.04381571430801035,20,8,5.0200936014875275,28,0.5435114646088228,0.711177110679407,3,-0.7223050520324333,0.05195215029148288,4
466,1057,0.04252912861455056,21,8,5.781433504311627,27,0.5367869787166802,0.7116417343972985,3,-0.7224339969977162,0.05060323949526651,5
236,1219,0.04373774410722206,21,8,5.631633286942224,27,0.521506684757239,0.7119270345447962,3,-0.7225640525669448,0.05067232458307636,6
83,1014,0.04302832480816982,22,8,5.266558927058482,27,0.5381530211017962,0.7115851495323254,3,-0.7226819053203497,0.05009789973474933,7
57,1024,0.04078316453915719,20,8,5.023688373347015,28,0.5426337660489016,0.7119611905638239,3,-0.7227970935991864,0.04975363218384966,8
392,952,0.04280013709108842,22,7,5.940094332404018,28,0.5421106068875494,0.711809183171139,3,-0.7228416974841616,0.05182843277149003,9
65,971,0.04315847257117822,20,8,5.074826388021638,27,0.5397894760931462,0.7117523745294376,3,-0.7228769587445479,0.05267138369736527,10
422,1072,0.04095663511112897,21,8,5.098286552801776,27,0.5447552223396905,0.7115822087597682,3,-0.7229802284336102,0.05185208908515283,11
449,1243,0.042967585307834864,20,8,6.164853039554385,27,0.5365761797950855,0.711224293483285,3,-0.7229967560217396,0.05055670884438561,12
354,1224,0.0433756984504469,20,7,5.570100035098666,28,0.5408329267868254,0.7110494968534936,3,-0.7230026482639454,0.05095326932154272,13
264,1089,0.04350442077039217,20,7,5.022994152497234,28,0.5434112293470915,0.7115942907505617,3,-0.72305056571553,0.05139894723410341,14
482,1020,0.041589792627596364,21,8,5.37894446320084,27,0.5396692375839282,0.7112833047624249,3,-0.723179318104107,0.05038046809553066,15
185,1093,0.04389395587670959,20,7,5.169112112169821,28,0.5417884201538095,0.7110457420338124,3,-0.7231892992236953,0.0494480861425568,16
464,988,0.04161810954229548,21,7,5.371485821970518,28,0.538317476264757,0.7113340499656687,3,-0.7232880569714465,0.051256663226466534,17
405,1147,0.04270056024459867,20,7,5.503943447092341,28,0.5434080288492289,0.7113773136614063,3,-0.7232970204646578,0.05148889697389739,18
47,1074,0.042065201393204785,21,8,5.352081926640697,27,0.5443963019865634,0.7117260913337227,3,-0.7233111637916648,0.05165896225886503,19
413,982,0.043293237719282875,21,8,5.129826867477032,28,0.5366716665137731,0.711043006951867,3,-0.7233353337055931,0.05171342404645624,20
74,943,0.042092391376680596,20,7,5.590903384198105,27,0.5442325633904775,0.7115538542844013,3,-0.723341421876178,0.05159571081401018,21
295,1172,0.04303470556044402,22,7,5.397285480137279,28,0.5387386371117222,0.7110110316142624,3,-0.7233578958056653,0.05275330247282799,22
331,1145,0.04260667167482571,20,8,6.0650316363328995,27,0.5425324002693662,0.7119880655666527,3,-0.723360067515704,0.05077943267074666,23
24,1132,0.043942601816442405,22,8,5.30892880719012,28,0.5322363190069391,0.7111448948720912,3,-0.7233912604640359,0.05117637024984574,24
141,1124,0.0413672694067915,21,7,5.044496544066688,27,0.5404360890434611,0.711892671711077,3,-0.7234231820532698,0.051112278450584095,25
110,1248,0.04128941537989889,21,7,5.003524169238629,28,0.5447490058097486,0.7110633749704728,3,-0.7234737382338933,0.05120205362969499,26
381,1196,0.04052948951613989,22,8,5.693402617394971,27,0.5426735702208708,0.7117108847166823,3,-0.7234852194624636,0.050601358468811745,27
438,1135,0.04380371437801019,22,7,6.023813811616413,28,0.5429606608036353,0.711754264973347,3,-0.7235107534358104,0.05116795351521758,28
346,1205,0.04208578275617436,20,7,5.778672060630374,28,0.5413924023459386,0.7119954375161913,3,-0.7235211882522998,0.049886607112888545,29
19,1050,0.041088528997538544,22,8,5.45833951323442,28,0.5426707110386438,0.711356297838077,3,-0.7235801866165431,0.04984043148348767,30
0,1032,0.04292797576724562,20,8,5.202792876437064,27,0.5437678576602479,0.7113745401188474,3,-0.7236209811055782,0.05122182183073086,31
437,1170,0.043973020061691855,20,7,5.510195642098324,27,0.5429882756164013,0.7113978366255022,3,-0.7236245756764847,0.04941750430951758,32
369,1077,0.043560388140735234,20,7,5.033082087877476,27,0.5235648536020477,0.7114305293384622,3,-0.7236514677542782,0.052746293789622874,33
188,1013,0.04119349772395997,21,8,5.170735664332192,27,0.5406480191449974,0.7115270240962118,3,-0.7236568796246066,0.051030379651323024,34
476,1212,0.04085867145589015,21,8,5.425158037397363,27,0.5384852057457828,0.7116172490208487,3,-0.7236606691987293,0.05001302045377902,35
162,1037,0.0429514230676261,20,8,5.5427579092362596,28,0.5365413793770135,0.7115384014903807,3,-0.723662910135595,0.05282586545333845,36
34,951,0.04123224316740956,22,8,5.766832101828707,27,0.5380234981063032,0.7117441705230565,3,-0.723667345359045,0.04974677067257434,37
43,1072,0.0431831706777444,22,8,5.752524364159826,27,0.5375491719314426,0.7116499639307777,3,-0.723694384428722,0.05144071075764055,38
154,1031,0.040009357562503116,22,8,5.134021869817868,28,0.5219441336019739,0.7110759334103696,3,-0.7237292078543307,0.053066829406211415,39
358,1179,0.04118691056441636,21,7,5.002034636748915,27,0.5368651963229054,0.7112581732541912,3,-0.7237637802631682,0.051441479012175134,40
271,1142,0.042141240525810364,20,8,5.313561894879404,27,0.523427742643225,0.7117602898231221,3,-0.7237669159599244,0.051413966927087836,41
233,1082,0.04365694606380588,20,8,5.193689412761253,28,0.5411791840343144,0.711951478559666,3,-0.7237778273222673,0.052182440172979634,42
218,1037,0.04178547458605034,22,7,5.145495505217046,27,0.5376346398528051,0.711781790329845,3,-0.7237907938470511,0.051665740776067816,43
443,1038,0.04355554969601452,21,7,5.331901799455111,28,0.5405790207677215,0.7117631083636012,3,-0.7238031724526447,0.0527932066645107,44
181,1153,0.042029870935043345,22,7,5.802004993888465,28,0.5408033544489436,0.711817967024119,3,-0.723843021002603,0.050543604215195465,45
139,1152,0.0438505972742195,20,7,6.165236564077456,28,0.5401712537240647,0.7116031974021769,3,-0.7238462952996658,0.051549190918606255,46
367,992,0.043430249350645135,22,7,5.41452686381748,27,0.540560559341707,0.7117983803405183,3,-0.72385095654386,0.05038180670281355,47
134,1042,0.04181315533899211,21,8,5.646115533467624,28,0.5393881904173753,0.7110657086394283,3,-0.7238759652701566,0.05065526065077983,48
421,1053,0.042413167222859774,20,7,5.873134966009839,27,0.5434344609541081,0.7117101354317981,3,-0.7239050907488421,0.05114223290822142,49
99,1048,0.042130469065820096,22,7,5.236969042018745,28,0.5311853091705864,0.7111071720113398,3,-0.7239089721064191,0.05001227619280316,50
394,945,0.04002435499295936,22,8,5.099920697859012,27,0.5374439069018357,0.7115770406644619,3,-0.7239485581227159,0.051645218848707375,51
132,1070,0.042008780041324974,20,8,5.974948611518931,28,0.5449218562961488,0.7110853496680786,3,-0.7239507941643751,0.051881830041534883,52
160,1088,0.04331566189660271,20,8,5.299011488474014,28,0.5279775118310814,0.711844549398535,3,-0.7239582884792488,0.05276279213573798,53
151,998,0.04158659749220822,21,8,5.279422492167984,28,0.5437326699264442,0.7116104046670079,3,-0.7239658812240064,0.049124903225127144,54
208,1149,0.041663629464587765,20,8,5.998041054486814,28,0.5440195137871744,0.7111741933365782,3,-0.7239850583876148,0.051459085957935205,55
145,1038,0.04393760872281421,21,8,5.35399952447518,27,0.5408732559199825,0.7111393560740727,3,-0.7239879552408421,0.04982504170196704,56
39,1152,0.041941119497105266,21,8,5.904838735677465,27,0.526711871422254,0.7111909110311503,3,-0.724005350144168,0.05206874748082374,57
27,1058,0.04154694138520215,21,7,5.443386256365336,28,0.5372734434525617,0.711174366429005,3,-0.7240900004280888,0.051624412190471064,58
286,1051,0.04198419135471955,20,8,5.411999220548428,28,0.5368995568896588,0.7119283175328486,3,-0.7241023469463544,0.05126438114642724,59
60,1028,0.042274081134999836,22,8,5.165996648249205,27,0.530586773557703,0.711547971883248,3,-0.7241317204673237,0.05186254165095927,60
489,998,0.04274053723949794,22,7,5.40274893791921,28,0.540353142139779,0.7118816906118435,3,-0.7241676777672442,0.052223571767757104,61
411,1193,0.040143754699686215,20,7,5.163441549689894,28,0.5388505758732096,0.7117962405955628,3,-0.7241718434477888,0.05069495542370159,62
467,1147,0.04376508979296741,20,8,5.674311292694774,27,0.5281313476481139,0.7119903617819984,3,-0.7242045372641985,0.05173581380704585,63
445,953,0.043343303711642064,20,8,5.8510458929257405,28,0.540271964525198,0.711409412071817,3,-0.7242294027901187,0.0522755047949365,64
465,976,0.04132982462859485,21,7,6.227783157502595,28,0.5371360970805475,0.7114327668795992,3,-0.7242502156350691,0.05018874992618535,65
61,1112,0.04346846642883889,20,7,5.9618813885815864,28,0.5345136003085977,0.711250016449216,3,-0.7242539153406077,0.05108478444609587,66
28,1181,0.04350935741352392,22,8,6.0623888602615805,27,0.5431173404569641,0.7111134735212405,3,-0.724265492809508,0.05212865062187141,67
190,987,0.041769195049523644,22,8,5.941749474398352,27,0.5390023519609525,0.7119645204722702,3,-0.7242680276146964,0.05174583522818847,68
429,1201,0.04341513968681867,21,8,6.236858753470382,27,0.5398285718499185,0.711981192529164,3,-0.7243062585431552,0.05293438437428028,69
129,1180,0.04180887176355923,22,7,5.322694375584297,27,0.5384375312027437,0.7113469532018962,3,-0.7243339943879843,0.05154553295868304,70
376,1234,0.043094155566138256,20,7,5.704216256133005,27,0.5442685538419312,0.7110309376447314,3,-0.7243439772996987,0.051792866911294,71
462,1012,0.04374118839418131,21,7,5.015803802920603,28,0.5278215790213783,0.7110708915758912,3,-0.7243827528483668,0.04835027975708454,72
195,1001,0.0412414478356943,20,7,5.094180954132926,27,0.5399389775159297,0.7112689934044351,3,-0.7244062282339149,0.05294693847179646,73
383,1037,0.04379644857235776,21,8,5.981007588078169,28,0.5442401931712024,0.7110344612594249,3,-0.7244221434324367,0.052992381516561785,74
287,1078,0.04217606631673101,20,8,6.09459811875708,27,0.5264607905072954,0.7118792686599978,3,-0.7244256862443262,0.05295672740894594,75
417,1091,0.043080632847028386,21,7,5.345257682846188,27,0.5204236916222396,0.7111255502147626,3,-0.7244439853809387,0.050458230724027595,76
372,974,0.04390980847196147,22,8,5.1290928635798005,27,0.5257121686688693,0.7119720252564966,3,-0.7244720140251973,0.052448868926392715,77
235,1053,0.04172344836615213,22,7,5.3165269855491895,27,0.5405598354704265,0.7115212341324852,3,-0.7244867675512285,0.051070703249920364,78
299,1091,0.04281177376391471,21,8,6.046485699585,28,0.5256359688865924,0.7111041373579202,3,-0.724494814721065,0.05164197091917907,79
427,1139,0.04248363436087083,21,8,5.710550284641983,28,0.5440577550746947,0.7119490711963148,3,-0.7245045397526164,0.05098627975274196,80
420,988,0.043121504494283924,20,8,6.169291776309932,28,0.5395799603324657,0.7118985606046748,3,-0.7245183513552499,0.052203690142398014,81
275,977,0.043771324565653046,21,7,5.363178028115131,28,0.5364673036551861,0.7111021495296576,3,-0.7245258997800795,0.050699032235394605,82
457,1200,0.04198503501152945,22,8,6.022067347939375,28,0.543677266677713,0.7115620727944025,3,-0.7245310958727336,0.052511225093166546,83
257,1109,0.042215208962849506,22,8,5.581363302656286,27,0.5434239455757766,0.7110876427467638,3,-0.7245319695794895,0.05073781393905628,84
166,1222,0.04341128728676761,21,7,5.360445339405806,28,0.5274250719113721,0.7114673107665376,3,-0.7245396995136101,0.05177533282601171,85
211,1154,0.041863251228080996,20,7,6.008800269146058,27,0.529596178796695,0.7113591510296662,3,-0.7245565052967152,0.05169371724684298,86
189,1232,0.040125209254990066,20,8,6.114568119720248,27,0.5440809163360033,0.7118680543225323,3,-0.7245607459449849,0.050314027532493234,87
377,1038,0.0417617654012497,21,7,5.230322202853425,28,0.5408412490484397,0.7117619018126048,3,-0.7245647433511226,0.0512763095919613,88
35,1206,0.04362439515087422,22,8,5.838634370639735,28,0.5321685538239864,0.711978892858275,3,-0.7245816572530106,0.05329789769314484,89
111,1024,0.042424407524223356,22,7,6.105945698021391,28,0.5318291550262974,0.7111166960641416,3,-0.7245830670722689,0.052690897577707826,90
373,1191,0.041656600897312906,22,7,5.1911804057365645,28,0.5431409332506334,0.7112088640707057,3,-0.7245880624997045,0.05172692302913868,91
173,1196,0.04357968576491136,20,7,5.508520695904494,28,0.5208716290058456,0.7117478716040921,3,-0.7245881007014876,0.05081307363313092,92
85,1235,0.04208123080361517,21,8,6.061301455776981,27,0.53678932988982,0.7111135575921996,3,-0.7245947075858608,0.05211678622713008,93
36,964,0.04092074107296622,22,8,5.839113984679318,28,0.5416041891267976,0.7116689240596631,3,-0.7245951016429172,0.05001002736526869,94
5,982,0.04323358939246585,20,8,5.889502934465804,28,0.544140800826864,0.7119488855372533,3,-0.7246170579297161,0.05271942900709014,95
327,1231,0.043427495744300375,20,7,6.257264599836922,28,0.5441938969275848,0.7117985932723827,3,-0.7246237535930057,0.053006076371955674,96
165,994,0.04159314953590254,21,8,5.004350270655873,27,0.5267921742767251,0.7115807572072272,3,-0.7246245718584077,0.05254832782535026,97
115,1108,0.04180779440519616,21,7,5.391791236413384,28,0.5370745515854283,0.711588306675795,3,-0.724631898902539,0.05153583701943596,98
365,1223,0.04086420546004675,20,8,5.503610361369257,27,0.5402005657476638,0.7119101346367821,3,-0.7246417356742885,0.048972140681508645,99
364,1240,0.04277952949470384,22,7,5.519179372913098,27,0.540500315727984,0.7119912632267336,3,-0.724643172523184,0.051868624137944394,100
412,994,0.04020879451617989,21,8,5.110943737429622,28,0.5443647952833832,0.711737096550432,3,-0.7246712547919464,0.04944146515086056,101
178,1098,0.043402326916376965,22,7,6.088117326872774,28,0.5364612958664606,0.7117974260216069,3,-0.7247050871848837,0.05181958790510715,102
356,1121,0.04202964775487124,20,7,5.058309638430639,27,0.5286305785700424,0.7111138383934765,3,-0.7247057971581479,0.05031486862748043,103
485,1036,0.04199772707946734,21,7,6.019183566296162,28,0.540841078353599,0.7116379542626847,3,-0.7247154274221981,0.049249154032564205,104
451,988,0.04216988401385063,20,7,5.707846046835025,28,0.5390620721118888,0.7112204884346891,3,-0.7247157370325412,0.05258411121495914,105
375,988,0.04218152448487321,20,7,5.197059580730844,27,0.544871449326483,0.7114441277131657,3,-0.7247183631670915,0.05172041896662286,106
112,1005,0.04373175226839982,22,7,5.086445147576811,27,0.5302129573233979,0.7117459745255487,3,-0.7247220772949046,0.05300118726212817,107
303,1127,0.041684992213176286,22,7,6.091742971326303,27,0.5360641299883798,0.7119331133313436,3,-0.7247265073892069,0.053232013575851445,108
335,1176,0.043422949035623146,20,7,5.100201415536899,28,0.524372035929399,0.7110696411481624,3,-0.7247336617194942,0.04978841885917834,109
240,976,0.04220090616862505,20,7,5.003359219298477,28,0.540149813744379,0.7114835456467199,3,-0.724743039410909,0.05186127372768189,110
395,942,0.04282834590906679,21,8,5.383877642262326,28,0.5398628886122687,0.7115006242680704,3,-0.7247435440712884,0.05245324529191818,111
430,1068,0.04392457492716729,20,7,5.568094651365307,28,0.5377930701436512,0.7119948192939659,3,-0.7247474307266272,0.05073945975454077,112
398,961,0.040751371410151095,22,8,5.5901309025408645,27,0.538990285717495,0.7114161214280711,3,-0.7247476918553463,0.04999460494007199,113
470,1224,0.04275911539699249,21,7,5.098258698010287,27,0.5337401567132689,0.7116307004711587,3,-0.7247741632511376,0.0516900037930408,114
22,1042,0.041988994023569544,20,8,5.047953031560892,27,0.5262945573956341,0.7119624472949421,3,-0.7247782213887168,0.051692305387518164,115
245,1007,0.04242837614435512,22,7,5.772819235742025,28,0.5360492875110817,0.7110236385860463,3,-0.7247806476685563,0.05230114691963165,116
8,1233,0.0435793094017106,21,7,5.115040252667495,27,0.5434874735391048,0.7117751328233611,3,-0.7247867183757244,0.05330219296416686,117
192,1103,0.04310638741116697,22,8,5.989331188225899,27,0.5417155791988902,0.7111855255157031,3,-0.7247945928874364,0.05262325993293024,118
396,984,0.04321393097318754,21,7,5.028634997590962,28,0.5270251124727179,0.711232384323056,3,-0.724837714504188,0.0505982441178659,119
254,1177,0.04389665851451206,21,8,5.316753730883026,27,0.5229957250504412,0.711382526280244,3,-0.7248393083244379,0.052970583440545164,120
397,1198,0.042195921797766565,21,7,5.279016495236443,27,0.5410557686585987,0.7115832574924561,3,-0.724847895685073,0.05224062975241674,121
156,1010,0.04303356965578273,22,7,5.94133432805508,27,0.5439542698250983,0.7110867052118621,3,-0.7248498869474933,0.050272444973689004,122
342,1246,0.04179936883189024,21,8,5.1254948112540735,27,0.535877227647743,0.7115326758867615,3,-0.7248696501598492,0.05312502033621763,123
484,1187,0.04014003165922722,22,7,6.135839796236892,27,0.5414955958847819,0.7119152571849178,3,-0.7248733646015022,0.05062447884937186,124
216,1186,0.04207909579422407,21,7,5.323328554363919,28,0.5242439476271885,0.71107349674733,3,-0.7248749391637466,0.051933113594399095,125
226,1233,0.04086270060959087,21,7,5.750340807725273,27,0.5369128346444312,0.7116895267510315,3,-0.7248754107582931,0.05037344510461393,126
158,1199,0.04222322632574872,21,7,5.906646347420892,28,0.5449838374891459,0.7115882637569699,3,-0.7248924101140632,0.050472513913394405,127
432,1176,0.04384054241762179,20,8,5.21017286710805,28,0.5435925398205055,0.7119078987937796,3,-0.7248969670207561,0.052957259375377666,128
148,1102,0.04253239225342979,20,7,5.544401682359695,27,0.5262682665140399,0.711732184578459,3,-0.7249165820382169,0.05112896011994197,129
175,1180,0.04112556384231011,22,7,5.063418656175125,28,0.5383803163630864,0.7119315894883189,3,-0.7249167408118936,0.05068429828675573,130
155,986,0.043848395143056475,20,7,5.67769086763764,28,0.5401857562954191,0.7113145965568094,3,-0.7249399098705779,0.049733606569842506,131
171,1170,0.0435351435398537,22,7,5.3383033783369855,28,0.5442275657535203,0.7110578426765634,3,-0.7249438158838851,0.051644872815860984,132
281,1065,0.040330470653837075,20,8,5.296195142806043,27,0.5306074221471222,0.7110687128325183,3,-0.724954939580771,0.05101927886549428,133
419,1040,0.042585834966551724,22,7,5.030673454039188,28,0.527495013189131,0.7110013536257155,3,-0.7249917244911541,0.05160909816925388,134
80,1196,0.04192148032746542,22,7,5.974451789968894,27,0.5394400570933806,0.7114112551165853,3,-0.7249946083492514,0.05171614750845639,135
247,997,0.04136436009789688,21,8,5.438395272582047,27,0.5203955272941396,0.7117245168513986,3,-0.7250008003735233,0.05095556095371373,136
250,1229,0.04108458974600074,21,7,5.593916238344479,27,0.5360042055957042,0.7110699316057094,3,-0.7250033588462528,0.05040044509864895,137
492,935,0.041274435851054427,20,7,6.077532659128846,27,0.5257945897572338,0.7112714987541818,3,-0.7250060646670163,0.05285997155190419,138
143,988,0.04045695170368159,21,8,5.612385088501958,28,0.5394939693697007,0.7119745472651988,3,-0.7250078995454159,0.05048478150872685,139
203,932,0.042190369504614945,21,7,5.684323459216947,28,0.5423704164015132,0.7110801148463847,3,-0.7250153808252071,0.05066988377541299,140
142,982,0.043095338092805364,20,8,5.285363682605246,28,0.5286298036220319,0.7118306545065652,3,-0.7250203649517681,0.05154489567825758,141
410,1239,0.04148464645914297,21,8,5.842027122381798,27,0.5379913454152633,0.7114157975006874,3,-0.72502189129015,0.05099082972113591,142
347,1145,0.04363850727774637,22,8,5.743304057662819,27,0.522346432120584,0.7111149329970595,3,-0.7250409233925916,0.053413812608629964,143
119,939,0.04057251194219388,21,7,6.139795327790274,28,0.5394642984762688,0.7117069804612435,3,-0.7250708800967567,0.04931143028190483,144
337,1181,0.04361443137738718,20,7,6.168501604634321,27,0.5389812183265211,0.7114083063427594,3,-0.7250736306529098,0.05097169598872893,145
41,968,0.040546485325768114,21,7,5.385463186742138,28,0.5412167448731169,0.7113225507642386,3,-0.7250781914710368,0.049135964714555266,146
11,1010,0.04002208846849441,22,8,5.947709318453284,27,0.5249678920383544,0.7117722447692966,3,-0.72509595353204,0.05214593430284156,147
176,1010,0.04043787544021782,20,8,5.643690485118166,27,0.5440530493148013,0.7115326025194008,3,-0.7250976340685491,0.052234830683529895,148
81,1034,0.04227632587666299,20,7,5.174007754440823,28,0.5407291055176628,0.7113929894489788,3,-0.7251040409798831,0.0522185662502871,149
349,1086,0.04379243328068577,21,7,5.308663508887248,28,0.5242645477889273,0.7111648246753467,3,-0.7251112794051745,0.04991000647539298,150
87,1121,0.04322017867007745,22,8,6.274601542620092,28,0.5359840339243561,0.7117846682639443,3,-0.7251114656026096,0.05309947599121769,151
248,1093,0.04105958178894693,20,7,5.521544288250677,27,0.5393155681862346,0.7119055247923296,3,-0.7251229349131344,0.04955420880604583,152
179,936,0.04247444551286074,21,7,6.1451319869586065,28,0.5370035192940076,0.7116974714616693,3,-0.7251323018786421,0.05107886311875193,153
338,975,0.04000075359822633,22,8,5.294749497800564,27,0.5418556681034588,0.7116507685475587,3,-0.7251325710667891,0.051357341972377867,154
152,1130,0.04238031172280102,22,8,5.616508501310481,27,0.5265566011074957,0.7110311831350612,3,-0.7251486271198064,0.0525266798971171,155
197,1005,0.04299664655640513,20,7,5.742175852397414,27,0.5381071327031604,0.7119078186529846,3,-0.7251494585555947,0.050190973391468524,156
298,1150,0.04160930849874622,22,8,5.940426195295972,28,0.5296918398687599,0.7111813192799255,3,-0.725161905702937,0.05145414570130742,157
344,1054,0.040192571343913415,21,8,5.442527596354434,27,0.5385798299682901,0.7112999191115069,3,-0.7251799190547394,0.05067382431209133,158
296,949,0.0414732381220274,20,8,6.152054514604597,28,0.5449083584406812,0.7118766507618282,3,-0.7251820806696219,0.05020635749525168,159
121,1024,0.04288901027357227,21,7,5.90213297780723,27,0.5257312848808161,0.7111499174273488,3,-0.7251942047819585,0.052061357260640456,160
497,1091,0.042538557025949525,22,7,5.275462629572142,28,0.5230373847771942,0.7118816624823326,3,-0.7252008985452771,0.05108307248249227,161
459,1097,0.042235922536399094,20,7,5.558474726648884,27,0.5224378581410225,0.7118432780909364,3,-0.7252071706237121,0.05174861228731315,162
452,1068,0.04312252686970223,20,8,5.055148987668959,27,0.5241830326000265,0.7117093208284726,3,-0.7252283500204065,0.0523939762587102,163
378,1021,0.0409401488592153,22,7,5.180955711749404,27,0.536934683037968,0.7115074463661197,3,-0.7252329777135325,0.05046918830868216,164
357,1001,0.0406608157573514,22,8,5.87222590616526,28,0.5432356673618278,0.711450597018983,3,-0.7252330392505764,0.05096827896149791,165
75,941,0.04360463204196396,20,8,6.235534929299527,27,0.5346078577980775,0.711627558080084,3,-0.7252362693395151,0.05283797179952086,166
224,1240,0.04070859915778954,21,7,6.22799848531623,27,0.5417035563594377,0.7114437502193045,3,-0.7252416309682275,0.050263263095644085,167
316,1027,0.04316679995381341,20,8,5.293991167066923,27,0.5335636450848856,0.7114039778763265,3,-0.7252432730657843,0.053477108418195626,168
244,1048,0.04294749497977673,21,7,5.12442892217621,27,0.5242003551936216,0.7115866084631755,3,-0.7252805968795444,0.051626013337487814,169
280,1190,0.04141936544102756,21,8,6.079694793326292,27,0.5395960669191918,0.7119423153896731,3,-0.7252841314921067,0.05129106009037458,170
251,1220,0.041513905693943476,21,8,5.580258056556935,27,0.5213084718946627,0.7111903248628191,3,-0.7252903953129258,0.05255354559897347,171
170,1188,0.041536362445965,20,8,5.455162836916749,27,0.5211736339286953,0.711120338762035,3,-0.7252957357015866,0.052294716282118715,172
78,1182,0.040650467757379564,21,8,6.234739887279501,27,0.537118279313847,0.7118137950197069,3,-0.7253001930217156,0.05058049891114895,173
323,1197,0.04176428863300313,22,8,5.122246935764546,28,0.5223351992993824,0.7113973813904853,3,-0.7253010521009017,0.052267822881774804,174
13,1101,0.04124392928686265,20,8,5.357138330887083,27,0.5215889587571506,0.7113308980248526,3,-0.7253122159270509,0.05293375389156352,175
109,1107,0.04213035773020635,20,8,5.174739080020666,28,0.5320285025463705,0.7111543627152742,3,-0.7253219258361061,0.051069135423996756,176
440,1122,0.04335926464858213,20,7,5.192631306698929,27,0.5206879796285104,0.7119743722386792,3,-0.7253386359211009,0.05157318139194908,177
107,1047,0.0433543302348105,20,8,5.553067370201342,28,0.5319154871031603,0.7115350367320449,3,-0.7253391558913088,0.05352569545541814,178
479,976,0.04327347826592535,22,8,5.322889138480741,28,0.5363498523084951,0.7112040246657385,3,-0.7253497267114714,0.050745146582077086,179
97,1007,0.04193809194076409,21,8,5.936670879808904,28,0.5292618025697846,0.7112093493233367,3,-0.7253511359210808,0.0520154688971593,180
221,1214,0.04006951916074192,20,7,5.754145898604109,28,0.5371491933995747,0.711479897081592,3,-0.7253545240541505,0.05069227028717729,181
116,1238,0.04092885078058727,20,8,5.297733008202235,27,0.532568009752312,0.7117476093801762,3,-0.7253775525018155,0.05106098053788001,182
302,1180,0.04148568800749219,20,7,6.297851764810835,27,0.5258964399785921,0.7117355056064875,3,-0.7253786596161509,0.05080138386774993,183
297,1131,0.041650487363394495,22,8,5.216950653211332,27,0.5297881424544457,0.7115930443341868,3,-0.7253842495848766,0.05116028556052046,184
446,998,0.042156378210944034,22,7,5.166226841589143,27,0.5418970770879264,0.7111515950748001,3,-0.7253868043014629,0.05209832500478849,185
127,1238,0.042365101742979715,20,7,5.267253750888329,27,0.5329709514281519,0.7118698963620621,3,-0.725389345001514,0.05072997295208262,186
473,1008,0.04042362321761503,21,7,5.9574957968352305,27,0.5436683432230849,0.7118660956336117,3,-0.7254013238474105,0.05000628909812312,187
276,1219,0.04312468169514768,22,8,6.163653062918497,27,0.5263264608200197,0.7119303188848378,3,-0.7254057453014029,0.052521660414174144,188
270,1175,0.04166461599271905,22,8,5.337757171368544,27,0.5202757816107162,0.7117693048936413,3,-0.7254073251347254,0.051738464778072236,189
261,1210,0.0422921657157234,21,7,6.120618826954409,27,0.5439330721973648,0.7112236144344963,3,-0.7254076392338902,0.05137721081045126,190
279,1157,0.04295003343783603,21,7,6.261974944971872,27,0.543912534957487,0.7110121084752349,3,-0.7254271769473462,0.05104841498894557,191
292,1033,0.04324700886746284,20,7,5.521942610619675,27,0.5339510581287242,0.7111608481739577,3,-0.7254360968413589,0.05199956085138792,192
343,1132,0.04187507186185802,20,7,5.386409150021202,28,0.5203101009069329,0.7112418938282588,3,-0.7254429361786439,0.05195053710074298,193
157,955,0.0436134552505441,22,7,5.05741506902313,27,0.5445144200044997,0.7116372315797894,3,-0.725451631399689,0.05171761986610092,194
180,1087,0.043303267002259054,21,7,5.2089878648628005,28,0.520731182075864,0.7118718435277452,3,-0.7254643174858957,0.05026426229507888,195
404,1236,0.041253391670340575,21,7,5.5490998788395975,27,0.5410677975540139,0.7112703932863845,3,-0.7254675293982948,0.05209178096588604,196
102,1030,0.04225783417009057,21,8,6.169541616288516,27,0.534663385866519,0.7115577422659504,3,-0.725470384163346,0.05336423411792327,197
100,954,0.04035681731484823,21,7,5.445804923561738,28,0.5410177496469483,0.7115639650920188,3,-0.7254731084707625,0.05070312470873121,198
371,960,0.04145837491279016,21,8,5.217567653080216,27,0.5351444812363173,0.711677120639735,3,-0.7254741524344975,0.05198655454921554,199
213,943,0.04038957357021421,20,8,5.753239369146551,27,0.5309291347204207,0.7110691327861866,3,-0.7254744411708589,0.0518821549850462,200
282,1007,0.040041710797589614,21,7,5.83707552960347,28,0.5366837599511607,0.7119759908495987,3,-0.725476247511738,0.04999834821647423,201
416,1033,0.04309596551261105,22,8,6.268817970262978,27,0.5277965964479221,0.7116775422674589,3,-0.7254850117834317,0.052261411902652155,202
20,1154,0.04213635767750177,21,7,5.350236033938078,27,0.5241163963285735,0.711304781258158,3,-0.7254851293595433,0.050903960878199796,203
387,942,0.040249830374476284,21,7,5.814570264421174,27,0.5423272551298854,0.7118469688542071,3,-0.7254852146124203,0.04988889559604655,204
243,1093,0.042670199597165885,21,8,5.587297982358398,27,0.5305934563412191,0.7118226143185137,3,-0.725490709316353,0.051987080769134025,205
478,970,0.04091668780485665,22,8,5.911127926619861,27,0.544906557163122,0.7114383849800308,3,-0.7254923240963982,0.05151799615926814,206
79,1180,0.041672972145162475,21,7,5.214284539478101,28,0.5353353798983947,0.7117257195083884,3,-0.7254932544368098,0.052468628264179314,207
104,1247,0.040642725493038226,22,8,5.225385673883181,28,0.5261489432096127,0.7111528591391842,3,-0.725503318789386,0.05202808663363331,208
256,1043,0.040144641522099046,20,7,5.468177329712975,27,0.5377186174435744,0.7117820280876703,3,-0.7255077896511267,0.05046783220331133,209
93,1021,0.040163474465065914,20,8,5.230113629559771,28,0.5248072254702167,0.7111723198712016,3,-0.7255268536823412,0.05196532856566234,210
333,1079,0.042455109675262795,22,7,6.093881819010188,28,0.5247815104478647,0.7117396713007267,3,-0.7255615738362122,0.0523620915866932,211
418,1173,0.04309256749567469,21,7,5.483261083378229,27,0.5273327152695141,0.7110175523633666,3,-0.7255697366596543,0.05283280342538938,212
150,1093,0.04334831596281212,22,7,5.937992719458477,28,0.5217062426338523,0.7117709859255354,3,-0.7255748074238191,0.05205479502172259,213
86,1184,0.04316727135787853,20,7,5.546696512264598,28,0.5222102055841412,0.7119679737654397,3,-0.7255815002773269,0.05119221233103818,214
66,1075,0.0435508167310332,22,7,5.185889186668686,27,0.5310382625343344,0.7115495288823237,3,-0.7255820741587728,0.05137292452503021,215
82,1062,0.04276685758867565,20,8,6.1871154779349355,27,0.5218839765088116,0.711013671964827,3,-0.7255969553156716,0.053664117986459946,216
368,1096,0.042404296667200934,20,8,5.216918262208378,28,0.5292793105859407,0.7115821987465941,3,-0.7256069867082314,0.05173754252192577,217
12,1064,0.04143386291417709,20,7,5.810287564875825,28,0.5218511162933522,0.7117712703466859,3,-0.7256114298416263,0.05156034418584066,218
350,1123,0.04153804531057925,20,8,5.780846386512863,27,0.5226056200702087,0.7115123637775458,3,-0.7256174373541857,0.0528377453753402,219
267,1189,0.04040418324404259,20,7,5.297562986300598,28,0.5275818786891899,0.7111213849394223,3,-0.725617689774824,0.05026168881429878,220
227,1090,0.04241981569076216,22,7,6.291338018566217,27,0.5239821861310702,0.7113485736672419,3,-0.7256233921993959,0.0502547761062832,221
472,1029,0.041802745899755654,21,7,5.776968767513514,27,0.5340914992757191,0.7113732598144628,3,-0.7256304042695134,0.05165189314154905,222
305,980,0.0433267881747031,20,7,5.072976934441073,28,0.5206047940972839,0.7110261967085321,3,-0.7256455562933208,0.05168445485785483,223
89,1062,0.04248834680091149,22,7,5.19119552520775,27,0.5299135695580318,0.7117836530127412,3,-0.7256476435400326,0.05220092738316511,224
496,1055,0.042165478440629074,21,7,5.952138024256469,27,0.5274196670504963,0.7117894321941951,3,-0.7256853395565035,0.05091918119303234,225
441,1078,0.0417255225950963,22,7,5.424239960211583,28,0.5256222554203979,0.7116795499271339,3,-0.7256864784893189,0.05244842549192452,226
490,1248,0.04214221525951869,20,8,6.077122277277906,27,0.5328751414927431,0.7112499569463976,3,-0.7256963781473023,0.05368750422510925,227
144,1166,0.042049830623527684,20,7,5.335253991063163,28,0.5321194591787587,0.7111821071388216,3,-0.7257047264472831,0.05106788996135475,228
461,951,0.0427086096498307,22,7,5.651970099923654,28,0.5402197496140885,0.7118793410201765,3,-0.7257174683900033,0.051112522805652115,229
46,976,0.04182906064645492,21,7,5.828658871947669,27,0.5441312957597693,0.7112715429158197,3,-0.725745979786176,0.05057888313103463,230
163,1203,0.04000095009430354,20,8,6.212366882252828,27,0.5447585328335445,0.7114619428505755,3,-0.7257511615557726,0.05098393700401248,231
499,948,0.041658943307869886,20,7,5.90535874914694,28,0.544656166798785,0.7115719122038505,3,-0.7257526388107978,0.05106583289928659,232
390,959,0.043991283422727914,21,7,5.0574105170311805,27,0.5202215821278368,0.711957448019038,3,-0.7257693508124204,0.052361646254188744,233
263,941,0.04054066515661929,20,8,5.158645567761713,28,0.5206452976737372,0.7110681723093855,3,-0.7257702499407417,0.05072627559821716,234
138,1220,0.04354984193005401,22,8,6.285347416542075,28,0.5342360879440875,0.7113392712458961,3,-0.7257721717964288,0.05295438344135051,235
336,950,0.040862119475165326,22,7,5.992101878636556,27,0.5416596628562835,0.7113403800926666,3,-0.7257806387723542,0.050992640401892116,236
183,1125,0.04372811242204007,20,8,5.894251438991057,28,0.5358155473283487,0.7113418721660386,3,-0.7257949533021779,0.052758787032461056,237
172,1156,0.043985343103226895,22,8,5.809818597815655,28,0.5322796585217157,0.7115152479243146,3,-0.7258072966466813,0.05272876200095841,238
223,1058,0.042931595673365366,21,7,5.8743827536926645,27,0.543495494798171,0.7111435423620394,3,-0.7258547312043178,0.050516383749392914,239
72,1046,0.04114284834512744,20,8,6.042742023734754,28,0.5293717644880926,0.7119621725484745,3,-0.7258603594849115,0.05373831981172494,240
32,1123,0.041135683898949865,21,8,5.582951385882121,28,0.544341595918883,0.7119401334424578,3,-0.7258626192457542,0.05066484428099458,241
407,1130,0.04270443292565765,20,7,5.618028590205096,28,0.523240016279886,0.7112784394082504,3,-0.7258843180074208,0.05112615362287242,242
399,1107,0.04254836334832362,21,8,5.305049474308604,28,0.5338664337008774,0.7118214319916426,3,-0.7258989413365067,0.05258382156315885,243
242,1222,0.04307977880100672,20,8,5.3572478462125765,28,0.542647277619694,0.7113607725191106,3,-0.7259002237170622,0.051934832278596105,244
73,1132,0.04129074555311034,21,8,5.095935534156019,27,0.5339001259660646,0.7119779006687542,3,-0.7259003615310013,0.05252922257682458,245
403,1068,0.043761794022944694,20,7,5.4683040944405565,28,0.5285092686576441,0.7114669679999636,3,-0.725901141009971,0.051635459235615445,246
454,1200,0.04373169945027869,21,8,5.1277054898458045,28,0.5292320192553885,0.711508890555591,3,-0.7259084952058317,0.053497177374301395,247
50,998,0.04381946112265278,22,8,5.949051111530364,28,0.5269983474236486,0.7116601973767177,3,-0.7259091646254621,0.05227179610192313,248
241,1200,0.04237415427649259,21,8,5.22720547567559,27,0.5328793792583433,0.7116379852057932,3,-0.7259137828088995,0.051826971531818734,249
146,963,0.04047100433156057,20,7,5.526822514435995,28,0.5428574701640125,0.7110183906765475,3,-0.7259186519127454,0.0486060297594778,250
307,1058,0.0403224060550285,22,8,5.948360697248116,27,0.5233369993103986,0.7114829688720853,3,-0.7259210553019191,0.052794215924552156,251
206,1241,0.04261305207694932,20,7,5.641259900818939,28,0.5205215284822885,0.7111616725441468,3,-0.7259268073399717,0.05101334633134307,252
52,1147,0.043918042114486036,20,8,5.639100637651882,28,0.5277853327347823,0.7110941569882685,3,-0.7259295925737551,0.051862666190393,253
288,1015,0.042624647350724285,22,8,6.280070661381861,28,0.5394111861624932,0.7117284906771616,3,-0.7259496874730504,0.051140597914670086,254
133,1215,0.04082055856192803,20,8,5.734293473241402,27,0.5424513572360179,0.7112099055930956,3,-0.7259512956291012,0.05146850937470517,255
284,939,0.04299229271771813,21,7,5.144050350833749,27,0.5345605664551811,0.7116018815896363,3,-0.7259574459431111,0.05038909325588559,256
123,1139,0.04061340561246432,20,7,5.332820191409761,28,0.5436820834902955,0.711462005803644,3,-0.7259577806484565,0.050627945674535275,257
184,1122,0.04283268835458113,21,8,5.8071901730977205,27,0.5275240891736704,0.7110678370591051,3,-0.7259580172396427,0.05168198557691131,258
370,1055,0.04136241666632517,22,7,5.404582743582411,27,0.5359225579363686,0.7116458223862865,3,-0.725961583181107,0.0518313639448706,259
491,1039,0.04365515377549304,20,8,5.485576229969594,28,0.5276948957920187,0.7117892928483196,3,-0.7259627408235383,0.05273221924488251,260
291,1210,0.04275554120820036,22,8,5.563940665931203,28,0.5341255498214754,0.7112975484513188,3,-0.7259727574775519,0.05246617335164806,261
215,1232,0.04239485592040043,20,7,5.3068656023504035,27,0.5347103158335151,0.7110090304041295,3,-0.7259756044636284,0.05225492729820429,262
324,976,0.04110576676233359,22,7,6.189617088929156,27,0.5389370471197354,0.7113566709741417,3,-0.7259795522630378,0.05032011630470095,263
448,1232,0.04174992770643284,22,8,6.256899149739071,28,0.5202522651672257,0.7112035783775463,3,-0.7259803575128052,0.05310570841045267,264
186,1008,0.04008849420611599,21,8,6.001529643150131,27,0.52061467291147,0.7117582631959289,3,-0.725983728591403,0.0536224314643955,265
274,971,0.043438260926587785,21,7,5.173088505431526,27,0.5353520327796184,0.7118106859279862,3,-0.7259985204173313,0.05291965973818149,266
406,1164,0.04001745307860124,22,7,5.23764940765397,27,0.5375964272908583,0.7116327118787485,3,-0.7260070621932175,0.05059509822599752,267
196,1146,0.04240008219247721,22,7,6.238443229450333,27,0.5319984708679281,0.7113924935564067,3,-0.726008689940723,0.05119813869885664,268
493,1005,0.04317794253459396,22,7,5.600396525657644,27,0.5330399849002839,0.7113488900750418,3,-0.7260110375594657,0.051792975986491234,269
266,1012,0.042780140915434216,20,7,5.184924179293355,27,0.5214445140249092,0.7119948663171697,3,-0.7260158129398777,0.0522274432788244,270
58,1019,0.04028475459384092,20,8,6.0588090273656166,28,0.5370751693354089,0.7110944429607559,3,-0.7260172943616447,0.05130356858864832,271
69,1221,0.04363077482539419,20,8,5.92063555425816,28,0.525917129842052,0.7118803599686384,3,-0.7260189446339814,0.052936096171564674,272
194,1248,0.04274226114891588,20,8,5.756562822488719,28,0.5231296448050637,0.7111173081889623,3,-0.726023074554683,0.052510386645622895,273
209,1179,0.0420559834712349,20,7,5.51416972080372,28,0.5335825130840822,0.711504844881893,3,-0.7260235989969109,0.05246181753543438,274
106,991,0.04326828828379712,20,7,5.93399445208752,28,0.5416376781473495,0.7119694704332753,3,-0.726024594216152,0.0519129952695335,275
315,1081,0.04273501642230817,20,7,5.295632344619793,27,0.5222210061271891,0.7114179899338704,3,-0.7260312136014389,0.05183550356349362,276
425,1171,0.04356056454958406,20,8,5.1914939575626615,28,0.5317497067039484,0.7112905045056714,3,-0.7260397745565077,0.052544955195239086,277
17,1213,0.042395461865954144,22,8,5.811660262573931,28,0.5435713392639495,0.7112030612247348,3,-0.726040316283055,0.050545399752027854,278
310,1134,0.043037593049671856,21,8,5.084976004833701,27,0.5267987431532158,0.7112495461998495,3,-0.7260410294111693,0.05254034811046838,279
258,1245,0.04367756789285767,22,7,5.508355591975627,27,0.5328919856924125,0.7116005943333605,3,-0.7260447594546386,0.05167088735371059,280
379,1202,0.041955591327169806,22,7,6.144409190793605,27,0.5356558580355266,0.7114440437492021,3,-0.7260508299217789,0.05243071762803658,281
234,1231,0.041906781900164634,22,8,5.930138179229057,28,0.5261517414699499,0.7115266237972689,3,-0.7260546252872222,0.05300669949714762,282
488,1131,0.04063796905016544,20,8,5.863485200485659,27,0.5265059149496307,0.7116551737145244,3,-0.7260572982868292,0.053151972189923166,283
453,1031,0.04118623964882372,20,7,5.668010803468798,27,0.5350388469824956,0.7112653261375554,3,-0.7260611719759259,0.05031908801942776,284
169,1239,0.040926686805533775,20,7,6.079835273075812,27,0.5447792156534245,0.711167033946092,3,-0.7260631705025757,0.0511917963392227,285
401,1133,0.04329511236040466,22,7,5.412862833839451,27,0.542049804243041,0.7111586241445264,3,-0.7260839609879022,0.05112580814819568,286
433,968,0.04098936126327633,20,7,5.211509666951136,27,0.5379582793843001,0.7114769001064679,3,-0.7260867755983267,0.05151951488076552,287
363,1022,0.04255150837065454,20,8,6.077723052309138,28,0.5242962120331773,0.711154321565283,3,-0.7260939493594697,0.052350255290286876,288
59,1146,0.0427869486614566,20,7,6.257854716976322,27,0.5229541206905415,0.7112818547747733,3,-0.7260950398479368,0.05185401865313904,289
51,1214,0.040634585790569965,21,8,5.119338785557474,27,0.5341509302623519,0.7110477161276916,3,-0.7260961746237661,0.051477321779974765,290
44,1119,0.04131261066989893,21,7,6.090613552690172,27,0.53680065338238,0.7114384741230181,3,-0.7260963342023375,0.051605629850687305,291
386,1045,0.04322635736930511,22,7,5.570894761623872,28,0.5347851689855623,0.7116021169853547,3,-0.7261013237855563,0.05097620155080531,292
198,1171,0.040841398319675475,20,8,5.094141153790244,28,0.5320589095387898,0.7110183676369405,3,-0.7261082987130446,0.05217422711780225,293
320,1143,0.04081952509660285,20,8,6.131751952559809,27,0.5329846464875985,0.7117567515056886,3,-0.726110853133396,0.053848653095182476,294
55,1089,0.04256967711282526,20,7,6.04123408308712,28,0.5217642186850108,0.7111629344270815,3,-0.7261169697619703,0.05285241207877552,295
340,1039,0.04112014931820196,20,7,6.073850767166544,27,0.5429519138049788,0.7117399041207669,3,-0.7261246264532579,0.0497625819712687,296
225,1005,0.04247138896080486,22,7,6.210233304159071,28,0.5324293691002107,0.7116832480282896,3,-0.7261260959994249,0.05146149500700247,297
91,1080,0.041366252841826184,22,7,5.7601959377339,27,0.5344912483617935,0.7112091307910785,3,-0.7261323323964552,0.05040300164338978,298
140,965,0.04083154502058411,22,7,5.547851915770248,28,0.5221377132713617,0.7110130019235107,3,-0.7261360471086397,0.04947624956265855,299
202,1247,0.04378940185052416,21,7,6.059272647870466,28,0.5433800453824865,0.7112988358863372,3,-0.7261418569473674,0.05153642262973361,300
252,1216,0.04035506957643108,20,7,5.261213795256773,27,0.5345118751679169,0.7113335695494721,3,-0.7261509579196717,0.05164610034288808,301
341,1002,0.04392719477304251,21,7,5.816709543602266,27,0.5409865227375192,0.7116993153751262,3,-0.7261564683005794,0.05176241958385252,302
219,930,0.04212467811200413,21,7,5.292111530064484,27,0.5214271714022329,0.711269749611517,3,-0.7261687122940501,0.05131595002547291,303
95,1168,0.043197641595636174,20,8,6.13565221133881,28,0.5209828034960275,0.7116903948286293,3,-0.7261704737654913,0.0521340734856016,304
177,1166,0.043298723863700594,21,7,6.1422189822617055,28,0.5348101946164879,0.7114805865773266,3,-0.7261740695858636,0.05316038968847455,305
220,941,0.04041323582849606,22,8,5.5165926850037215,28,0.522213889605581,0.7111800104374727,3,-0.7261769818373282,0.05263652652384916,306
71,930,0.042285892100820045,20,7,5.758379394626307,27,0.5301300521695355,0.7112536821738731,3,-0.7261798367588232,0.05173152186376839,307
161,968,0.04278515510351256,21,7,6.045170073221167,27,0.5219238300407303,0.7111205668857773,3,-0.7261815289701135,0.05277169459463059,308
290,1118,0.042931206179065005,22,7,5.6608687109911635,27,0.54101757570028,0.7115058526929517,3,-0.726191159770907,0.0514700892699616,309
301,1102,0.04330052267066446,22,8,5.159089784522731,28,0.5252460498714102,0.7119819691904461,3,-0.7262003269974763,0.05142651457997681,310
481,1056,0.04133213948722159,21,7,5.641551289800731,28,0.5293050097956304,0.7115948032146777,3,-0.7262060992625583,0.051013080185712545,311
382,1113,0.04316203917709954,20,8,5.606816700400544,27,0.5232663085955865,0.7118699691596476,3,-0.7262161755462289,0.05185435481295686,312
113,1158,0.04336731510703309,22,8,6.03939827019537,27,0.5343618278294978,0.7117411206492901,3,-0.7262273818581402,0.05142162349035516,313
9,982,0.04130132132305306,20,8,5.463779324701666,28,0.5211306822227635,0.7111959828624191,3,-0.7262430275107254,0.05220750283070931,314
468,1011,0.04045321401890986,21,8,5.7568381991203665,27,0.5442669136352436,0.7111793646820121,3,-0.7262467964676825,0.050458181918699975,315
345,1087,0.04212526608227224,21,8,5.757648885608536,27,0.5356544042898285,0.7119890283583501,3,-0.7262633847092912,0.05241835756202869,316
18,1057,0.041826138281931644,21,8,5.158714341110875,28,0.5226373564957568,0.7112956336858377,3,-0.7262643582711908,0.05292435275440882,317
366,1051,0.04031045857892576,20,8,5.580345371322057,27,0.5300974466042531,0.711851841236874,3,-0.7262708670577668,0.053282717334681234,318
199,1083,0.040330034137761685,20,8,5.418723112885136,28,0.54206333714549,0.7115342422059764,3,-0.7262718447676729,0.05119723902873685,319
277,998,0.04026660816224276,20,8,6.284757852300171,27,0.5353483396190015,0.7116366696821672,3,-0.7262728168759758,0.053212186286482166,320
384,1145,0.04196567271011423,22,7,5.502502658869936,27,0.5275611869572345,0.7114919311001057,3,-0.7262832558832439,0.05178846610233183,321
260,1092,0.040847929963608955,21,8,5.19992849456844,27,0.5235319512318877,0.7117214220673287,3,-0.7262860007201202,0.052829783875333707,322
126,1111,0.04393936479584934,21,7,6.197094447402584,28,0.5228309511460189,0.7114508393714041,3,-0.7262929681774943,0.05075058694629078,323
48,1208,0.04010140297366183,20,7,5.9047664679218075,28,0.5219614095335566,0.7114389714207056,3,-0.7263012519046885,0.05014041503379075,324
238,1192,0.041090496002934136,21,7,6.117240531264766,27,0.5379037668555798,0.7116103337833108,3,-0.7263036517413863,0.05036882556210395,325
120,1113,0.04044252694782083,20,7,6.03648397551342,28,0.5405314326168004,0.7113420817487158,3,-0.72631898252711,0.05087615548187739,326
63,1135,0.040365146707144535,22,7,6.235789291018823,28,0.5426345494104816,0.7110108376514802,3,-0.7263342075497861,0.049386395727481415,327
14,934,0.04388684838155642,22,8,5.306780395673642,27,0.5295731718688448,0.7115612434258477,3,-0.7263345314042062,0.05382703249854988,328
38,1045,0.043866619276174676,22,7,5.397406125073337,28,0.5307046037079328,0.7119283185625876,3,-0.7263526424200534,0.05034312887762939,329
306,978,0.041507656658945485,20,7,5.595642952759261,28,0.5256385332481434,0.7118527280198756,3,-0.7263637476964864,0.051698078594961866,330
415,1157,0.04238052669962273,20,8,5.674741964168414,27,0.5332734419603024,0.7114042897472548,3,-0.726363864267375,0.05112171832118228,331
318,1223,0.0429971348507831,22,8,5.4627653859333085,28,0.531504056612211,0.7118619869084042,3,-0.7263708220546243,0.051849801410274426,332
334,995,0.04253656855318295,20,7,5.892225355691926,28,0.5444776234503789,0.7114712871673982,3,-0.7263754758758648,0.05100938103298062,333
31,1183,0.040646514856378456,21,7,5.483967596530266,28,0.5221034991248762,0.7116420316461542,3,-0.7263803786969298,0.050023069560131306,334
3,1104,0.04159944388686102,22,8,5.259575916805868,28,0.5331193665064597,0.7110230624250414,3,-0.7263808949760818,0.05152747770511399,335
68,1065,0.0403253951225676,20,8,6.1220800785857055,28,0.5376560556789124,0.7118218600592903,3,-0.7263821731214676,0.05026039002542293,336
389,1081,0.04143486210166805,21,7,5.273916453027364,27,0.5274848897092921,0.7111344351294081,3,-0.7263886779871869,0.051336062486588695,337
322,1096,0.04156291346245446,22,8,5.587205865001188,28,0.5270607724671628,0.7113436631926091,3,-0.7264010299421763,0.053486616994687396,338
212,931,0.042530162132905225,21,7,5.536940527042006,28,0.5350463845915502,0.7114053101830857,3,-0.7264022357257734,0.05087088267428943,339
456,992,0.04085357339190276,20,7,5.945173790100007,27,0.5235542611675974,0.7110518952995184,3,-0.7264035951670424,0.051231121737233216,340
205,1238,0.04297711626237982,20,7,5.056760155019569,27,0.5317545648174167,0.7113290174378146,3,-0.7264075863160327,0.05214417377941009,341
94,963,0.041843115072130906,21,7,5.654442452111314,28,0.523015896777515,0.711088702533757,3,-0.7264094828271995,0.05047172083032889,342
293,1148,0.04222033979720915,21,7,5.89424934284389,27,0.5251008908657225,0.7118000709686991,3,-0.7264122892071103,0.051731752288384614,343
201,1002,0.04358488521074015,20,7,5.7968274273252876,28,0.5231054991682015,0.7119515499743553,3,-0.726438386435784,0.05203851702464802,344
105,1152,0.04209804555828102,20,8,5.517212278759464,28,0.5220058436415411,0.7118967654246264,3,-0.7264488473873741,0.05204858740372215,345
1,1238,0.04240446004697283,22,8,5.938598403946872,28,0.5416544036443734,0.7110580836121682,3,-0.7264583707920375,0.05207970849375458,346
268,1107,0.04069501038264918,21,7,6.029721723888706,27,0.525520065744641,0.7112326455385627,3,-0.7264603362886611,0.050196924875569475,347
494,1016,0.04118377155543463,22,7,5.938507995770383,27,0.5203312758375978,0.7114145160648168,3,-0.7264611948810384,0.051838649318255194,348
239,1227,0.04118111315688124,20,8,6.251804937808854,28,0.5246146282384259,0.711799781095424,3,-0.7264644818761047,0.05318393073503276,349
15,1108,0.04284265155874315,21,7,6.164492674375575,28,0.5210108397384609,0.7112560683227613,3,-0.7264917061802937,0.052557269112165704,350
103,1218,0.04199299079139576,21,7,5.132317214406525,27,0.5261088288866164,0.7116075552222936,3,-0.7264988171606557,0.050873719221624786,351
2,1243,0.04396884623716487,20,8,5.009186196785633,28,0.5200194691460254,0.7119385527090157,3,-0.7265106352878516,0.052994385794480015,352
42,1242,0.04244605484346272,21,8,6.037783732656807,27,0.5264051735898615,0.7114197808564462,3,-0.7265143951252162,0.052977171480715214,353
329,1125,0.040050430079903034,20,7,6.069845980087932,27,0.524055835144562,0.7114274896879206,3,-0.726520760888753,0.05179035775239409,354
130,1214,0.04013551664098638,20,7,5.3608633244182435,27,0.5241378329356994,0.7115776319540915,3,-0.7265213895256274,0.0512186600914704,355
249,1245,0.042468623133582586,20,8,5.87048340097415,27,0.5285890118693927,0.7113669560792047,3,-0.7265257174294699,0.05328689604023376,356
229,1208,0.04360550259835378,20,7,6.129570813202743,27,0.5309543086602997,0.7119256748308807,3,-0.7265421194023222,0.05225871363391788,357
33,1233,0.040072301454462084,21,8,5.476409419957718,27,0.5243981313169337,0.7119944574626108,3,-0.7265421234614913,0.05199739525565934,358
40,1056,0.042460028906796676,21,7,5.383877764944621,27,0.5224294123442692,0.7115700611700894,3,-0.7265601767973409,0.05160604535034125,359
360,1076,0.041824946035822166,21,7,5.544632127243718,27,0.5295959720761245,0.7111144876380658,3,-0.7265775267094636,0.0517537218660989,360
77,1074,0.041441380380821076,22,7,5.402385901172226,28,0.5266484481241059,0.7112293947457049,3,-0.7265882890559779,0.05072423432930731,361
230,994,0.042596298635177575,20,8,5.792781347148303,27,0.5274217318640071,0.7113756722518817,3,-0.7265902189302107,0.051875514127242374,362
217,1104,0.0406681676316038,20,7,5.693565502889604,27,0.5376694304221361,0.711617144986604,3,-0.7265960804128664,0.05171006388107252,363
483,1224,0.04082486962033656,22,7,6.124751351617155,27,0.530687391258919,0.7117707425309056,3,-0.7266021411749437,0.05124841764192314,364
96,1042,0.04110751059258882,20,7,5.239877325163291,28,0.5215269489963716,0.7119208724005318,3,-0.7266096044191764,0.05006215588646541,365
385,1148,0.04230911611693253,22,8,5.5764925872964755,27,0.5323081370000295,0.7115112754622007,3,-0.7266163628572432,0.052430468189118194,366
471,1238,0.040368267944329905,22,8,5.91493000428766,28,0.5274322697576833,0.7119514232208455,3,-0.7266395118578838,0.05372804418386905,367
460,1076,0.0404739694350736,21,8,5.294745597028952,27,0.5320566090313048,0.7113088344240073,3,-0.7266480846164602,0.05295035881018178,368
328,1189,0.04267167999521451,20,8,6.146506085796037,28,0.5446027579759125,0.7114177609792751,3,-0.726648134585709,0.05078120942813375,369
475,1067,0.04101240615671844,22,8,5.943443683473334,27,0.5345731514201066,0.7110153948916913,3,-0.7266651434989677,0.053567758974337756,370
423,955,0.04078333233653708,21,7,6.015718412471497,27,0.5256345317001692,0.7113656807482613,3,-0.7266729849200039,0.0522343298734452,371
289,1212,0.040659259262917746,20,8,5.2775647762038735,27,0.5210793433949253,0.7119373880664971,3,-0.7266888019814696,0.05144760166979676,372
486,1134,0.04314039085638283,21,8,5.767302456896161,27,0.5325020029567896,0.711419389611667,3,-0.7267139738623046,0.05226383584707758,373
330,1063,0.043893829559904694,20,7,5.987457133149022,27,0.5294756781554775,0.7112097529476836,3,-0.7267146653470952,0.050910213609987306,374
308,1013,0.042440900597910565,20,8,5.613678564456098,27,0.5239727041917338,0.711765512898991,3,-0.7267196917497155,0.051026376632435956,375
253,1065,0.041801483745032744,20,8,5.617352506558085,28,0.522416911241168,0.7115358276844731,3,-0.7267312102990195,0.05266953093165856,376
294,1243,0.04209663668290465,21,8,6.082484610151156,28,0.533467391683576,0.7113752599044426,3,-0.7267335920558996,0.0530989562071168,377
191,1137,0.043472491253962124,21,7,6.258651456289138,27,0.5250089785887179,0.711745837012031,3,-0.726741506353737,0.053228816273421166,378
228,1027,0.04115474238212255,22,7,5.99474812392252,28,0.5222620423821763,0.7117524277626155,3,-0.7267490522780438,0.05175752275750289,379
408,957,0.04041923225999029,21,8,5.562547876825616,28,0.5449866562053908,0.7116343397397111,3,-0.726755698460293,0.05049498277922203,380
147,956,0.0404263149205147,21,7,5.346447911382147,27,0.5380050645408074,0.7114974648939798,3,-0.7267611207312147,0.05150465858594362,381
283,1069,0.04387395511037753,20,7,6.273961428166506,28,0.521048780585791,0.7115303021332491,3,-0.7267619169017474,0.05243361247834881,382
474,954,0.04235034348443761,21,7,5.530597198126707,28,0.5250658158533836,0.7118829938248298,3,-0.7267624030516108,0.05124579319915413,383
30,1081,0.04290382271548096,22,8,6.013838209614911,28,0.5287302393653165,0.7113390297910487,3,-0.7267677808968138,0.05202438660132008,384
54,1186,0.04250343966285695,21,8,5.856301721104629,28,0.5293653153656618,0.7110453040097721,3,-0.7267728946779852,0.0520232657407867,385
353,1118,0.0411227328620639,20,8,6.110376796945656,27,0.5352695017768943,0.7111960977127384,3,-0.7267887820272818,0.05286819691940395,386
53,939,0.04173540659695189,22,8,5.825621746127937,28,0.5243300467477504,0.7114734717707806,3,-0.7268119455070335,0.053216670307609515,387
84,1217,0.04082891059603223,20,8,5.465611533442693,27,0.5268682949256477,0.7112514424395118,3,-0.7268120331868894,0.05166217848690321,388
361,1187,0.040320720056327614,22,7,5.839925027506582,27,0.5217751916133314,0.7117511780478084,3,-0.7268156260258424,0.05198660063490711,389
136,1217,0.043202999085944487,22,8,6.127091888014981,28,0.5331644616664823,0.7118974304098189,3,-0.7268302998776355,0.05213200122581889,390
88,1237,0.0422192624341689,22,7,5.6681863359077544,27,0.5359161080405571,0.7116080878495419,3,-0.7268337992393012,0.051722147010149225,391
231,1153,0.04219399888660591,20,7,5.577745288576562,27,0.52951049260582,0.7115634389273484,3,-0.726838785362497,0.05244773502579203,392
29,966,0.04096740916360181,21,8,5.823031894455248,28,0.5332412644589002,0.7115552008115994,3,-0.7268516545547716,0.05375937941993158,393
469,1027,0.04029616887164939,22,7,5.962209779389902,28,0.5329926065723621,0.7112044405739495,3,-0.7268681076345034,0.0497591562007272,394
153,1033,0.04165117420242701,20,8,5.59758596658947,27,0.5287885040283555,0.7113443837320442,3,-0.7268706296581366,0.05289540184853791,395
426,1155,0.04179069370164167,21,7,5.460548094293361,27,0.5357730447557291,0.7110078415907719,3,-0.7268844222828409,0.051256459621776024,396
25,1169,0.04252922332237432,21,8,6.08589324426601,28,0.5291945783179813,0.7117282163486118,3,-0.7269003653980965,0.05338063887542463,397
332,1092,0.040977359763145864,21,8,6.176967836561231,28,0.5331358728136424,0.7118798219139517,3,-0.7269035118660185,0.052283971997094655,398
435,984,0.04253745475548675,21,8,6.0507580714227185,28,0.5257169194900903,0.7119261940684317,3,-0.726922470730474,0.05175661641896512,399
400,1193,0.04225315572381526,20,8,5.521879320187152,27,0.5272492529735903,0.711303194059461,3,-0.7269259867005988,0.05196629982629425,400
122,967,0.04138278397401568,22,8,5.521106841792732,28,0.5262949764726739,0.7115427244433475,3,-0.7269289234916501,0.05386855533635366,401
374,1053,0.043341920945529314,20,7,5.6162083570281025,28,0.5232511945627785,0.7114878511971924,3,-0.7269303778802392,0.049519218824802556,402
76,1093,0.042480530391206146,21,8,5.504748899186834,28,0.5313914188196428,0.7118902637838909,3,-0.7269312017190745,0.05103869138053188,403
352,1022,0.04056009639021327,21,7,5.6266533755457075,27,0.5211412186375596,0.7114724933550065,3,-0.7269366162332932,0.05188631278506256,404
300,1081,0.041993022729053815,21,7,5.969702771457777,27,0.5406262352545016,0.7112698207201282,3,-0.7269427993377439,0.050780502956578495,405
463,1212,0.04219543466030942,21,8,5.807680183764493,27,0.5212958949779932,0.7116740199190588,3,-0.7269434578638162,0.05263319576858553,406
232,1194,0.04067377754057088,21,7,5.70507276447366,28,0.5346765426925288,0.7110146670570462,3,-0.7269660384855462,0.051512759130291234,407
314,1090,0.04226132101828644,22,8,5.936010451562047,27,0.5249524408189935,0.7116541746014741,3,-0.7269871336549019,0.05208174156069597,408
10,994,0.040563696899899054,22,7,6.282953017580672,27,0.5335674020789563,0.7112809345096873,3,-0.7269915824883518,0.05247057594938681,409
114,991,0.04094276698426,21,8,5.411055556985443,28,0.5246601246697036,0.7118251326766928,3,-0.726993946310014,0.053084376736904026,410
16,1160,0.04278206434570451,20,7,5.701793418692175,27,0.5340818892994096,0.7114753702231821,3,-0.7270034910612511,0.051658606425633094,411
447,1242,0.04166626331392917,21,8,5.260728326394878,28,0.5200002908688842,0.7117655467505158,3,-0.7270143363107199,0.053142095480329915,412
458,1007,0.04010077365583692,22,8,5.800685490379737,28,0.5296088759631034,0.7117344439320755,3,-0.7270207376903154,0.05357819148231919,413
477,1061,0.04322875727516475,22,7,5.666544312540309,27,0.5221075328652838,0.7118900570254653,3,-0.7270305761679676,0.05169712903162554,414
424,978,0.04324449507973389,22,7,6.192731596071587,27,0.5236740677397053,0.7115782983994203,3,-0.7270345694371996,0.05289479632557662,415
164,1247,0.04021073534390891,20,7,5.623715724913456,27,0.5202371358407125,0.7110700297057474,3,-0.727035491769089,0.05134642177799993,416
442,1083,0.0417204115061192,22,8,5.521224291214961,27,0.5235953587578703,0.7118396596557087,3,-0.7270389619166119,0.05184472510156677,417
167,1069,0.04043787039471646,20,7,6.234949539135293,28,0.5211275169305081,0.7119103391020575,3,-0.7270404030630233,0.04988330241857507,418
222,1080,0.04137061395248366,21,8,5.1725290499650605,28,0.5330432511659053,0.7112542245798975,3,-0.7270512563809007,0.05246331751900328,419
321,995,0.0439399586245635,21,7,5.122397483163407,27,0.5312809836045247,0.7112387962113815,3,-0.7270702358678697,0.05168016651968119,420
210,1172,0.04317182437842253,22,7,5.369010887191239,28,0.5349430891313967,0.7116061887135612,3,-0.727075659106063,0.05273555595652084,421
70,948,0.04282033745718664,21,7,5.564787397834753,28,0.5294496897530564,0.7114816669879641,3,-0.7270812763753551,0.05134739351849297,422
339,1013,0.041651044517064105,22,7,5.054632077722827,28,0.5232212178000064,0.7113816119398672,3,-0.7271463713850319,0.051408772512170776,423
56,1030,0.040514001412935645,20,8,5.5019334291410065,27,0.5343341760417983,0.7116771683423829,3,-0.7271571903005943,0.051713087540695,424
309,1092,0.04017837963349185,21,7,6.178130954677348,28,0.527068642239469,0.7110134026264321,3,-0.7271691246157843,0.05147820905100087,425
351,1082,0.04253641612550533,21,8,5.47040902116668,28,0.5326566514873801,0.7117435939161765,3,-0.7271692946465245,0.05148857852166904,426
137,1184,0.04101555425617322,22,7,5.773563673610547,27,0.5337930648814835,0.7114079844953648,3,-0.7271700926739838,0.05077833918063711,427
348,944,0.04126778635116448,21,7,5.443060409726801,27,0.5307606852580248,0.711517446351755,3,-0.7271754983435066,0.051623466957708274,428
214,957,0.04260849298212175,20,8,6.115382130099517,27,0.5223815376988656,0.7116626212790083,3,-0.7272007809169663,0.052841093991428764,429
428,1164,0.040662999119280625,20,8,6.096744563267371,28,0.5210974985660751,0.7114328160022094,3,-0.727203094392364,0.05353581667589281,430
101,1157,0.042595291361166306,21,7,5.9578692180133865,27,0.5288776075819827,0.7114739699414305,3,-0.7272127541853832,0.05126279252535073,431
125,1225,0.040275686157468876,22,7,6.203239066778809,27,0.5293608842430105,0.7117712466685197,3,-0.7272312987647365,0.05162899064626587,432
359,1104,0.04103042888133489,22,8,5.892566887540389,27,0.5212783845360526,0.7116364013701834,3,-0.7272437879071589,0.05440218603843233,433
273,1041,0.04195296454808711,21,8,5.847223842284259,28,0.5224520645196061,0.7118443570827396,3,-0.7272715597387568,0.053075790547565026,434
246,971,0.04054575901022693,20,8,5.579528188950397,28,0.5446946380053722,0.7114967668588591,3,-0.727277549725576,0.05068637422400438,435
149,1122,0.04018786386710022,21,7,5.11743804875089,27,0.532972942632071,0.7113831385282494,3,-0.7272780503572709,0.05110785518200733,436
135,1060,0.04133745124524193,22,8,5.35399241113639,27,0.5225745369832829,0.7117653562810662,3,-0.7272895470126103,0.051020353052177427,437
6,1135,0.04198070764044508,22,7,5.336413976080022,27,0.5230509558711195,0.7114401524937396,3,-0.7272968193442492,0.05196416819487131,438
98,1167,0.040532467714349915,22,7,5.691747530844911,27,0.5236934772976557,0.7110623413625112,3,-0.727310591141592,0.05122968540103395,439
355,966,0.04017755108868342,20,7,5.802186470953142,27,0.5299199211771579,0.7112185098343541,3,-0.7273168908656789,0.05224943414041929,440
204,954,0.04024140833596226,22,7,5.8004646285249155,28,0.5220407495507647,0.7117315895217553,3,-0.7273269312308219,0.05133505288882719,441
237,1220,0.04122915985970515,22,8,5.404700008902805,28,0.527121822549048,0.7112567765677205,3,-0.727330305113977,0.05375353924641336,442
269,943,0.0414169449617791,22,7,5.953698694729823,28,0.5363518948843,0.7114047984290852,3,-0.727330399624307,0.051605280202625,443
92,1124,0.040720269089397194,20,7,5.867825060077335,27,0.5374416893424233,0.7114003004889102,3,-0.7273493641632685,0.05044570867528568,444
455,1242,0.04050050102856699,20,7,5.0401152756004945,28,0.5230507623580463,0.7118035181084349,3,-0.7273585718525003,0.05143603250177163,445
285,1043,0.04150397155976525,21,8,5.355928699768339,28,0.5223752924748076,0.7115985315756843,3,-0.7273608868688088,0.05368486852761907,446
168,940,0.041670323103139714,22,8,5.79743480597392,28,0.5222352750578065,0.7117863450144155,3,-0.7273615625177283,0.05299128552087286,447
62,1116,0.04213730989412225,20,7,5.505962182354412,28,0.5294432221544074,0.7112382361524039,3,-0.7273637047038626,0.05147093127178972,448
498,1047,0.04097491793009737,22,7,5.974207588641507,27,0.5241732767704376,0.7113110024947327,3,-0.727374337758156,0.05118713203884061,449
124,1222,0.0404088506569008,20,8,5.84677737428472,28,0.5348240726314706,0.7117260955860624,3,-0.7273749325495775,0.05336014810806105,450
207,1136,0.040882244499689295,21,7,6.092588128160013,27,0.5300815340280958,0.7110815264895524,3,-0.7273820347385895,0.05053430594838617,451
118,1086,0.04296584364455618,22,8,5.978124056050469,28,0.5323855906600992,0.7118786291153734,3,-0.7273829771092561,0.05130045557431537,452
67,1070,0.04040449070449116,22,8,5.094591908273451,28,0.5354554515829065,0.7117615106317174,3,-0.7273890858611746,0.05280911354057319,453
23,1154,0.04020591500499996,20,7,5.311430457867064,28,0.5325669755807215,0.7116095643339798,3,-0.7273946684887419,0.05163678045671235,454
108,1249,0.04045934729895682,21,8,5.755609687849396,28,0.526060243310377,0.7115076103786844,3,-0.7273967471034678,0.052703745781987894,455
391,1065,0.0402761181635514,20,7,6.068504626721909,28,0.5358226582669608,0.7113417824047368,3,-0.7273991956366375,0.051039897651278504,456
495,1014,0.041718434368529456,22,8,5.691455802709768,28,0.5322344112242667,0.7113848036172211,3,-0.7274133384198775,0.05272678777051848,457
259,1087,0.04215893047503977,20,8,5.6922255503272545,27,0.5299294694357303,0.7115011529991819,3,-0.7274317287162584,0.05261437968192171,458
272,1117,0.04383830657728414,20,7,5.590690534927949,27,0.5400384277970748,0.71197587375491,3,-0.7274347289954991,0.05065884960911946,459
414,1067,0.043644274811069535,21,7,5.64072395978168,28,0.5260472220888537,0.7116880444438359,3,-0.7274560448709824,0.05279740187270025,460
174,1099,0.04017750665413295,21,7,5.4277667749808325,28,0.5319169207082592,0.7112729593748562,3,-0.7274687299979613,0.05061343092386479,461
200,1035,0.04277277576329072,22,7,5.871501095860736,28,0.5250214772465573,0.7119774663863148,3,-0.7274798088615464,0.051392081120050906,462
436,939,0.04161105759384901,20,8,5.375550420581916,27,0.5261451859826538,0.7112538210781567,3,-0.727490407789254,0.05324047047993722,463
193,975,0.04013010471796501,21,7,5.625979056966315,27,0.5232811219420597,0.7116262203216314,3,-0.7274981443092338,0.05122309023545613,464
311,950,0.04025061281382142,21,8,5.409746377426567,27,0.5208403400045821,0.7114875711936733,3,-0.727513269022031,0.05376079251942323,465
265,1195,0.04154584336463659,20,7,5.075612934157118,27,0.5291199554786132,0.7116025531638428,3,-0.7275205692867346,0.05076791127897993,466
317,986,0.040563838510087075,21,8,5.1268312633110895,28,0.5307157636742619,0.7118469187280885,3,-0.7275399289223831,0.05307218672000366,467
487,1240,0.040113245097610675,22,7,5.532572369388791,27,0.5317381385510966,0.7114076328579796,3,-0.7275951473677192,0.051067581004822865,468
128,1004,0.04045706920022275,20,8,5.450249792675749,28,0.5350930382932535,0.7117877898887145,3,-0.7276654013710814,0.053132695302098375,469
45,1030,0.040155338937717694,22,7,6.076229704923866,28,0.5262562840128966,0.7118604046183117,3,-0.7276764561179399,0.04950417677575262,470
439,1186,0.041434313846099496,20,8,6.140562295866838,28,0.5341018507208379,0.7112510013832622,3,-0.7276927563352713,0.05314099204137981,471
90,1191,0.041032977553195835,20,7,5.451637430693038,28,0.5323029073269885,0.7119265876251615,3,-0.7277016098976531,0.05028856712146831,472
26,1076,0.04016310056621906,22,8,5.838724627532285,28,0.5246629627599964,0.7113207800649717,3,-0.7277111393869201,0.05274883716228448,473
393,1001,0.04009799379307061,22,7,5.821716778358115,27,0.5371851591034059,0.7112803344607915,3,-0.7277581934334917,0.05024952342062658,474
444,1200,0.04013123849651443,21,7,5.658996569350385,27,0.5348450620202404,0.7112956946740415,3,-0.7277632594293559,0.05079822876790881,475
326,1105,0.04080806267360996,20,7,5.407110593262467,28,0.523517788201219,0.7119835214727152,3,-0.7277652982344988,0.05013195054808805,476
402,1138,0.04018740763411041,21,7,5.758246473156959,28,0.5327782284809308,0.7110001346930045,3,-0.7277716544487989,0.05048158767939424,477
304,990,0.04235107744344879,20,8,5.434864675364512,28,0.5342968067806797,0.711383832951933,3,-0.7277816177259968,0.05319695168555276,478
313,1243,0.04104063116384821,20,7,5.333489081177522,27,0.530469832976854,0.7110522578792859,3,-0.727806230360332,0.05134211825784843,479
409,942,0.04147482868345918,20,8,5.717690174049391,28,0.5252220681001291,0.7114576996051593,3,-0.7278393809576931,0.052222305919326764,480
380,937,0.04248264191929833,20,8,6.108325116472019,27,0.5342344340295571,0.7116234059581594,3,-0.7278752164271495,0.05376149166939989,481
182,1003,0.04103921432425664,20,7,6.251889605016693,27,0.5357953381754167,0.7119811861780274,3,-0.7279613955446602,0.051707858104319215,482
187,1028,0.041094506665126665,20,7,6.110472706800036,28,0.5311475676594187,0.7116832953766065,3,-0.7279616177348969,0.049831264716470265,483
388,1100,0.04190737387327127,20,7,5.900292160998241,28,0.5204779023607441,0.71192638260673,3,-0.7279702486067319,0.0509160308292437,484
262,954,0.04242501175100391,21,7,5.477794748978991,28,0.5321765479704734,0.7119227571905133,3,-0.7280363244246725,0.05141723760740044,485
480,1247,0.040990239081119546,22,8,5.776224501242735,27,0.5267701582009243,0.7112144064829932,3,-0.7280442493032597,0.05332631542678883,486
21,1042,0.04087505687829228,20,8,6.263316707537249,28,0.5242072760543233,0.7112441255222477,3,-0.7280667991331293,0.05308615686980459,487
159,1011,0.04388423298066147,22,7,6.120655446286108,27,0.5431099048844132,0.7112973490073725,3,-0.728077627152461,0.052846871293984764,488
325,1188,0.04278359647267521,21,7,5.359975833591152,27,0.5239488705708837,0.7115330288672461,3,-0.7280795082429778,0.05084399126739615,489
4,950,0.04018580165087999,22,7,5.084567070880864,27,0.534810364221551,0.7115142344384136,3,-0.7281927491225734,0.05134878675977203,490
450,976,0.0410857543105368,20,8,5.527476519199579,28,0.5263203401522301,0.7118180267491386,3,-0.728260782191241,0.052977922544556875,491
131,1106,0.04206069472962725,20,8,5.539011360845131,28,0.5253170196085307,0.7112200972140811,3,-0.7282689003304903,0.05421461313241079,492
7,1239,0.04208027208471125,21,7,6.260460016093926,28,0.5277927769022352,0.7116625222843539,3,-0.7283487216632416,0.05267939500424267,493
64,954,0.04179378208791328,22,8,5.87427399290015,28,0.535795930304245,0.7115734378881232,3,-0.7284376315730661,0.05277895776386251,494
117,971,0.04133126314364994,22,8,5.216749987991398,28,0.530788203578411,0.7115428493106134,3,-0.7284424864296132,0.05249126242575586,495
278,1038,0.04015208739294982,22,7,5.092633746094836,27,0.5211957705098527,0.7114432730874436,3,-0.7284765767532579,0.05169059615006439,496
431,1189,0.042489373058468984,21,8,6.030373651174898,28,0.5218270390506754,0.7115935609353787,3,-0.7285691368198661,0.05278055141596292,497
312,1072,0.040947137237245544,22,8,6.217869200643019,28,0.5221606152690637,0.7117718577261816,3,-0.7286265744560654,0.05195036889827795,498
255,1090,0.04102818906572832,22,7,6.073887919328287,28,0.5223232286094848,0.711671558443613,3,-0.728645759741468,0.049238772031346356,499
49,1055,0.040625748170684345,21,8,5.928974699510081,28,0.5243323580017711,0.7114089529444142,3,-0.7288002796820434,0.054326567529456256,500
