,param_C,param_kernel,param_gamma,param_degree,param_epsilon,mean_test_score,std_test_score,rank_test_score
379,4.959424343124636,rbf,auto,3,0.004747533985288829,-0.8060084009407034,0.048798539065679235,1
258,4.948870631092931,rbf,auto,27,0.004933576243964899,-0.8060088715287363,0.048804165627773406,2
183,5.005674024259442,rbf,auto,21,0.004817112697203057,-0.8060128019584955,0.048777644578892186,3
211,4.941009065701305,rbf,auto,1,0.004771255136293612,-0.8060132296319017,0.04880576977475012,4
56,4.960175661963354,rbf,auto,17,0.00498970242524471,-0.8060136924328656,0.04879833918768599,5
496,4.978498711281337,rbf,auto,14,0.004874499259353449,-0.8060139839751856,0.04878700518481834,6
359,4.958893151908384,rbf,auto,20,0.00487373632599435,-0.8060140736645582,0.04879940979083082,7
415,5.016151441445466,rbf,auto,12,0.004921417345996476,-0.806014417531596,0.04878062775161615,8
31,4.971693145708855,rbf,auto,9,0.004575798377718904,-0.8060146414228827,0.04879832973749849,9
425,5.02015968928844,rbf,auto,13,0.004946924549066795,-0.8060161334720568,0.048778077057647744,10
436,5.007394884578683,rbf,auto,9,0.0044756072061392,-0.8060174143871007,0.04878487082563143,11
380,4.9793298746104115,rbf,auto,24,0.00468514869662379,-0.8060178116593976,0.04878860860715039,12
45,4.959126737167543,rbf,auto,21,0.004358302950938589,-0.8060178326307588,0.04879954120286867,13
453,4.931721021058615,rbf,auto,11,0.004807576440924537,-0.8060182366305805,0.048803099168488115,14
82,5.038379039538539,rbf,auto,16,0.004973287313054103,-0.806018480733296,0.04877900632463342,15
52,4.953882466759705,rbf,auto,24,0.004715548519562596,-0.8060185226780762,0.04879562346637073,16
473,4.9547253332563335,rbf,auto,29,0.0047225181747891495,-0.8060190335818698,0.048797410336413806,17
72,5.031996809206836,rbf,auto,26,0.004911841716647178,-0.8060197832033531,0.04876671064772651,18
209,5.017029906465095,rbf,auto,21,0.004724828649412141,-0.8060200895195895,0.048776026860584965,19
294,5.008569862122682,rbf,auto,6,0.004700160618067376,-0.8060204404713552,0.04878446784687378,20
78,5.028406329230858,rbf,auto,11,0.004679174971104738,-0.8060205375290315,0.04877991112109376,21
273,5.0162476442845225,rbf,auto,11,0.004661071711284671,-0.8060205871911759,0.04878383895119053,22
351,4.940996859083165,rbf,auto,23,0.004482679092605599,-0.8060206886550839,0.0488038949657531,23
326,4.944920964587997,rbf,auto,12,0.004564747314395644,-0.8060209591559973,0.04880268374290089,24
422,5.035929456538614,rbf,auto,12,0.004783078487797125,-0.8060210047918683,0.0487681844359355,25
200,4.983648607258124,rbf,auto,24,0.004384307429628964,-0.8060214925273026,0.048793984430959066,26
76,4.969841914922532,rbf,auto,16,0.00423430571119153,-0.8060219279288692,0.048801137350387394,27
220,5.0806302117353255,rbf,auto,28,0.004903313625461889,-0.8060233779071393,0.04873843484742173,28
223,5.002797897831963,rbf,auto,24,0.004553356392016365,-0.8060233849597424,0.0487939941793122,29
181,5.036207885419382,rbf,auto,28,0.00481186274237271,-0.8060240804766028,0.04876502566031785,30
265,4.979571119809148,rbf,auto,28,0.0045879780654276585,-0.8060242385080475,0.0487920443178613,31
142,5.025187934020315,rbf,auto,1,0.004806952819119571,-0.8060248727073269,0.04877196382998813,32
109,4.979356765442778,rbf,auto,14,0.004451026709087832,-0.8060249261243673,0.048797200571165815,33
446,4.99611731546533,rbf,auto,29,0.0045335685972229004,-0.806025091292662,0.04878678806876342,34
396,5.038635042291386,rbf,auto,9,0.004721296698433066,-0.8060251273534205,0.04876548902567795,35
444,4.944036640389963,rbf,auto,13,0.004473399654840338,-0.8060251767367026,0.04880806970885578,36
388,5.0598831757937965,rbf,auto,12,0.004839496941035432,-0.806026291746439,0.048749495805671075,37
440,5.061903214944976,rbf,auto,8,0.00465894744159495,-0.806026484406622,0.04875172932502173,38
424,4.983516155156986,rbf,auto,24,0.004421994890657515,-0.806027047914921,0.04879437979078195,39
198,5.082185436898769,rbf,auto,29,0.004703659135676917,-0.8060274535277034,0.04874265894208594,40
400,5.046204734291656,rbf,auto,19,0.0046229809768826525,-0.8060287465673565,0.048761943004648395,41
69,5.038187547620494,rbf,auto,7,0.004684649943683673,-0.8060293454555569,0.04878261892229577,42
494,5.059511820127438,rbf,auto,11,0.00492275703701452,-0.8060297671411195,0.04874818614027098,43
287,5.0330394441392405,rbf,auto,26,0.00454033065231258,-0.8060301110938146,0.04877564770012939,44
95,5.049543754779483,rbf,auto,5,0.004642592812938627,-0.8060303618117874,0.048765355271313884,45
390,4.918316414665327,rbf,auto,27,0.004811493928820588,-0.806030377206431,0.04880372456228326,46
434,5.039204123610759,rbf,auto,24,0.004488180740231019,-0.8060304317162531,0.048775104556090465,47
100,5.087230954832156,rbf,auto,26,0.00465108417405416,-0.8060305984954026,0.04874272775919944,48
360,5.055951754957606,rbf,auto,17,0.004343339879489564,-0.8060309433257619,0.04877043973422806,49
13,4.902652992231974,rbf,auto,25,0.004829160165372797,-0.8060316621767216,0.04879555612365016,50
204,4.976178171326205,rbf,auto,22,0.0041468211035325725,-0.806031932052794,0.04879300046494711,51
302,5.007296270296919,rbf,auto,15,0.0042332614586725915,-0.8060322871707077,0.048785732216720126,52
23,5.004166852005165,rbf,auto,8,0.004223669243390757,-0.8060323255880812,0.0487929664176878,53
468,5.09802967455013,rbf,auto,15,0.004845389276428458,-0.8060332430861002,0.04873511819237104,54
105,5.010563995381582,rbf,auto,10,0.0040478057773925685,-0.8060333471799739,0.048791929228338006,55
312,5.045219117212481,rbf,auto,11,0.004661591412418062,-0.8060336144791416,0.048769147693465735,56
394,5.044820665854628,rbf,auto,16,0.004246978257826597,-0.8060338906565215,0.048772322783471024,57
477,5.030902242856228,rbf,auto,27,0.004341271612661465,-0.8060343093943269,0.048778132399979746,58
267,4.934177517478013,rbf,auto,19,0.004105307365766763,-0.8060346438426746,0.04880503596831976,59
94,5.090785715400518,rbf,auto,21,0.004418470111331295,-0.8060346623145929,0.048740729563372096,60
307,4.950359811781391,rbf,auto,5,0.004134994139045392,-0.8060347136564692,0.048801521808276155,61
246,4.926623385717496,rbf,auto,3,0.004477034188435997,-0.8060347164504742,0.04880185618116138,62
224,4.95959189030839,rbf,auto,10,0.004312818543733726,-0.8060349944525405,0.04880271689347657,63
313,5.013026636717842,rbf,auto,4,0.003951423185620434,-0.8060351403529111,0.04879575944645677,64
431,5.025955584599231,rbf,auto,23,0.004419929424817129,-0.8060352865320144,0.0487783622454575,65
49,5.029538024108273,rbf,auto,25,0.004091073829612466,-0.8060354941881249,0.048781639379400527,66
467,5.024183103553495,rbf,auto,27,0.004263073295993239,-0.8060357483219633,0.048786745274073284,67
437,5.072025363283585,rbf,auto,11,0.004388304313151902,-0.8060358712381236,0.048762468743325064,68
430,5.055916894713351,rbf,auto,6,0.004004848435649375,-0.8060359085750741,0.04877395952257229,69
262,5.061172977348229,rbf,auto,24,0.004484827123132126,-0.8060362565252024,0.04875797362847517,70
498,5.072024479437841,rbf,auto,6,0.004540093264923201,-0.8060363040872687,0.04874658288555615,71
471,4.964722043829909,rbf,auto,15,0.004094928216785468,-0.8060365579594521,0.04880933225004159,72
392,4.9370265857677245,rbf,auto,16,0.004365729179382042,-0.8060379402556889,0.048805209721939635,73
406,5.00605302652698,rbf,auto,26,0.0036248338576438076,-0.8060382542301866,0.04879945471413407,74
281,5.093005382133303,rbf,auto,14,0.004665690335499773,-0.8060385064703567,0.04873988684928086,75
92,4.956154472488172,rbf,auto,3,0.0038437700715315453,-0.8060389118960132,0.04879955555758531,76
405,4.924113377155456,rbf,auto,2,0.0044259917826164055,-0.8060391588107357,0.048806369917537513,77
349,5.044453386371132,rbf,auto,24,0.00403525074481293,-0.8060393515438244,0.04878148919392171,78
319,5.0674981578004985,rbf,auto,1,0.004350481810310641,-0.8060395263092517,0.04876583519596064,79
26,4.955199836404509,rbf,auto,29,0.004011984903770198,-0.806039674414562,0.0488021694234789,80
93,4.908720754350887,rbf,auto,12,0.004703292921764571,-0.806040153835694,0.04880173856243527,81
279,4.994315237710032,rbf,auto,23,0.0039724472498323124,-0.8060409783318159,0.0487953192822726,82
342,5.0287999086478035,rbf,auto,28,0.0040047488574306055,-0.8060410909963537,0.04879134257886987,83
146,5.031144527076149,rbf,auto,29,0.0042253765548472735,-0.806041113272736,0.04878339233432536,84
346,5.019009795940084,rbf,auto,25,0.004000580426865947,-0.8060415878466248,0.04879662039207966,85
465,4.960192713389364,rbf,auto,17,0.003855921462660678,-0.8060416339362236,0.04880861236498388,86
387,4.991936302552227,rbf,auto,3,0.004096511588370999,-0.806041809562419,0.048801030560222176,87
148,4.999207490858682,rbf,auto,26,0.0034846858268207533,-0.8060418105937869,0.048796135658120986,88
64,5.063286374643877,rbf,auto,16,0.00417751247794619,-0.8060419479773374,0.0487603168035699,89
460,5.026801140619923,rbf,auto,24,0.004094397102499209,-0.8060420420693818,0.048790587924867866,90
112,4.931008323345549,rbf,auto,29,0.004195667510346817,-0.8060424610006687,0.0488135850573687,91
249,4.948494100726946,rbf,auto,25,0.0036880260304690956,-0.8060425093419561,0.04880753061374752,92
411,5.0740197747801865,rbf,auto,27,0.004374508363420997,-0.806042519083644,0.048750870233716034,93
24,5.049464022027476,rbf,auto,15,0.004144687545759647,-0.8060425423627915,0.048773361616411805,94
185,5.078228622739615,rbf,auto,22,0.00462421665111798,-0.8060425850388555,0.048744034021844865,95
479,5.08872318403352,rbf,auto,16,0.004287800460462493,-0.8060427103353941,0.048753425493811564,96
339,4.980152612175066,rbf,auto,6,0.0038277814053312036,-0.806042750813889,0.0487993098109919,97
208,5.099943534657227,rbf,auto,6,0.004566828761288214,-0.8060428278397573,0.048740454845832025,98
402,5.049012909624045,rbf,auto,20,0.004223746992675352,-0.8060429263392017,0.048775633052239475,99
163,5.010740610469161,rbf,auto,21,0.0037628726471884,-0.8060429377001949,0.048798953987204935,100
103,4.959058117683788,rbf,auto,26,0.0037048430887710224,-0.8060429507365017,0.04880224970769599,101
280,4.9213398500226875,rbf,auto,5,0.0041540970389386455,-0.8060433147986092,0.04880736366427612,102
219,5.024061910270693,rbf,auto,2,0.00402622333759681,-0.8060434276360239,0.04878378400176565,103
141,4.991650578098303,rbf,auto,19,0.004104197378719777,-0.8060438076962562,0.0487983108712012,104
218,4.996009193403696,rbf,auto,23,0.003776686278368095,-0.8060440783802634,0.048797107655337915,105
448,5.013146392799158,rbf,auto,13,0.0036705495947685087,-0.8060449624233161,0.048803042086828216,106
378,4.95773874735414,rbf,auto,4,0.003596229525921228,-0.806044963975306,0.0488126383810318,107
300,4.940908918633893,rbf,auto,2,0.003813293428703453,-0.8060451813183324,0.048809322646511326,108
439,4.908875332706648,rbf,auto,2,0.004311638086327253,-0.8060453272270651,0.04880203220557155,109
16,4.924407646968956,rbf,auto,29,0.004166974558680822,-0.8060463821561423,0.04880318750674994,110
65,4.964156012994348,rbf,auto,6,0.0034800640339544093,-0.8060469317694743,0.04880917417172206,111
420,4.908418637927273,rbf,auto,1,0.004552695510287672,-0.8060471182114272,0.04879831078785013,112
155,5.035968955980049,rbf,auto,23,0.003773714370423412,-0.806047183047283,0.04878939988448898,113
168,4.928598336410568,rbf,auto,10,0.00418581937118687,-0.8060475392245369,0.04880212548254111,114
461,4.925689743618639,rbf,auto,19,0.0038061395125101403,-0.8060475480067459,0.04881111920959188,115
166,5.009905776464747,rbf,auto,5,0.0036861777839550447,-0.8060475766941618,0.048796355527276625,116
385,4.968876746408847,rbf,auto,8,0.003641943781018017,-0.8060477678567102,0.048810970255049387,117
407,4.913071268159789,rbf,auto,15,0.004020884897004489,-0.8060478574947639,0.04880399650945579,118
115,4.9653302483592086,rbf,auto,8,0.003850967765493054,-0.8060481229396304,0.04880879564851526,119
77,5.071264858375619,rbf,auto,22,0.0039003777292881195,-0.8060481586599207,0.04876653047547087,120
340,4.920596295866264,rbf,auto,8,0.004309928105067587,-0.806048574934545,0.04880551209307858,121
173,5.072627704397801,rbf,auto,22,0.004064997836287513,-0.8060488476908223,0.04876315341109244,122
51,5.0068178838750885,rbf,auto,5,0.003463180164451352,-0.806049073708204,0.04880453188398019,123
393,5.046444977281912,rbf,auto,21,0.0037961792276942495,-0.8060493251750513,0.04878581179528983,124
452,5.036028154352061,rbf,auto,27,0.0037645831977882066,-0.8060499630683088,0.04878955852384134,125
343,5.095786287123192,rbf,auto,18,0.004335968800057618,-0.8060501448328223,0.04874685825660537,126
433,4.9520466735903055,rbf,auto,3,0.003792192378520457,-0.8060501632602405,0.048809501875694834,127
316,5.047288847124945,rbf,auto,8,0.004203198159902115,-0.8060502156094772,0.048775202666147155,128
227,4.991827151247652,rbf,auto,2,0.0031050284221104565,-0.8060509903695143,0.04881690682656236,129
401,5.094211649033074,rbf,auto,23,0.003977709189795487,-0.8060510619817368,0.048752860896294554,130
160,4.963862727518084,rbf,auto,14,0.0033848495221215167,-0.8060511254555782,0.04880536874609132,131
442,4.974537703402463,rbf,auto,8,0.003479571464248751,-0.8060514840260129,0.0488131138171209,132
70,4.927504188829199,rbf,auto,28,0.0036770805962038607,-0.8060517921971743,0.04880417328568396,133
285,5.0590534623719785,rbf,auto,14,0.0039986856545975785,-0.8060520589053132,0.04876922545904932,134
363,4.95373547187699,rbf,auto,8,0.0034952292658045224,-0.8060525892569341,0.04881358806277463,135
451,4.966801775749048,rbf,auto,13,0.0034883573083464184,-0.8060525951897224,0.04881974959917409,136
176,5.055429383185488,rbf,auto,22,0.0035264218214832994,-0.806052869090415,0.04878374323061842,137
118,5.039902442153439,rbf,auto,8,0.003631456668613308,-0.8060532464797507,0.0487940854399776,138
3,4.9667417222278045,rbf,auto,8,0.0035413628889802277,-0.8060536007470767,0.04881143310381297,139
67,4.903317565785572,rbf,auto,3,0.004048505230698577,-0.8060536274162032,0.04880857439725685,140
53,4.964640586404151,rbf,auto,24,0.0035160947944758896,-0.8060537784643698,0.04881004357612413,141
354,5.016608312193939,rbf,auto,28,0.0035207306756925476,-0.8060541164965371,0.04880257657020145,142
455,5.06398938348162,rbf,auto,21,0.003718541281458039,-0.8060544701954522,0.04877220130836447,143
89,5.081219757543711,rbf,auto,27,0.003975056517708242,-0.8060549179585529,0.048757583547446144,144
231,5.028174948960643,rbf,auto,8,0.003483507331135395,-0.8060554419071279,0.0487932143092262,145
286,5.06502653533856,rbf,auto,5,0.004073873601156911,-0.8060557318665511,0.04876336601809288,146
199,4.983327811547696,rbf,auto,5,0.0030680759796789495,-0.8060562654663915,0.04881653850422413,147
104,5.039403148199054,rbf,auto,11,0.003545554984550593,-0.8060565190082437,0.04879204276501386,148
497,5.0443775255853875,rbf,auto,11,0.0034759094306327128,-0.8060566290794589,0.048785995765199215,149
180,4.923505249355421,rbf,auto,9,0.00372205828471649,-0.8060567170632684,0.0488092521518139,150
386,4.99909826324124,rbf,auto,11,0.0029924302913407735,-0.8060568093805941,0.04881505119690108,151
295,5.025541610614284,rbf,auto,8,0.0034695880370166922,-0.806056871574107,0.04880318876399197,152
447,5.014263788383915,rbf,auto,8,0.003391080762795318,-0.8060571329062188,0.04879555050479546,153
449,5.004252062436083,rbf,auto,16,0.003293259173292128,-0.8060573650303662,0.048794548005012546,154
257,4.9726164592797275,rbf,auto,26,0.0030387761114678644,-0.8060574394270107,0.04880378668970173,155
403,4.963820094648652,rbf,auto,10,0.003223733253129111,-0.8060574653897449,0.04881551889158526,156
25,4.9713506653387185,rbf,auto,28,0.0030361712384334234,-0.8060577293864897,0.048807725911260626,157
90,5.000527418621039,rbf,auto,28,0.0033456202983154983,-0.806057839162257,0.04880410627818807,158
6,4.936680901970687,rbf,auto,12,0.003059265802441405,-0.8060579169530102,0.04880808423367758,159
139,4.905302262108325,rbf,auto,27,0.004005746473411999,-0.8060579621749568,0.048811155564537384,160
29,5.063092285690967,rbf,auto,17,0.00355770976374325,-0.8060580976303043,0.0487690174335544,161
161,4.996504189928529,rbf,auto,26,0.0031601860608489966,-0.8060583534130894,0.048807443143746694,162
212,5.021234926890177,rbf,auto,1,0.0033595034220292837,-0.8060584323550634,0.048799886866722854,163
486,4.918232898081238,rbf,auto,8,0.0038556092232202603,-0.8060584750783466,0.048815503447085816,164
207,4.915071812070493,rbf,auto,28,0.004065505045650388,-0.8060586120710971,0.04880728428989702,165
289,5.063319887894316,rbf,auto,7,0.0035699122742766302,-0.806058941508095,0.04876483981222615,166
320,5.003767611425215,rbf,auto,8,0.0030404719689712937,-0.8060604941394702,0.04880699871924015,167
395,4.949933601771837,rbf,auto,25,0.003234324595585817,-0.8060606399180695,0.04880740658609355,168
91,5.072833513014381,rbf,auto,28,0.003613260576307527,-0.8060611026075023,0.04876885786754177,169
110,4.967599031370307,rbf,auto,28,0.002895324477537794,-0.8060615173710188,0.04881133094492913,170
140,5.035433668476597,rbf,auto,3,0.003217441092211766,-0.8060618685826639,0.048800552883335006,171
329,5.056099141509218,rbf,auto,11,0.003162321439597652,-0.8060623009732437,0.04878901466077465,172
337,4.913141727885671,rbf,auto,14,0.0035712959989491412,-0.806062324623238,0.04881400473590664,173
137,5.071297968237665,rbf,auto,5,0.0034208188469907054,-0.8060624054226052,0.04877316013674304,174
283,4.9132992534733555,rbf,auto,8,0.003608982753756386,-0.8060624775192216,0.048802761756680614,175
128,4.983920012485559,rbf,auto,12,0.0028311860524703816,-0.8060627458824419,0.048820194513047366,176
99,4.997055974855264,rbf,auto,18,0.002785006312291751,-0.806062753790998,0.04881541475191836,177
66,5.071671760962745,rbf,auto,28,0.0033888218092114125,-0.8060628134977359,0.04877252382184916,178
490,4.992419458153132,rbf,auto,14,0.002992636325612135,-0.8060629052122724,0.04881749359992026,179
476,5.067989432934494,rbf,auto,15,0.0034034965103735657,-0.806063205839678,0.048777435095368964,180
253,5.035820463828898,rbf,auto,3,0.0032451142014578802,-0.8060632077876095,0.048792797807235194,181
336,4.9755451894880345,rbf,auto,16,0.0028252056663130823,-0.8060632521480547,0.048805941618304816,182
352,4.902600384702148,rbf,auto,7,0.0036805230659800116,-0.8060633871580938,0.04880637193455852,183
153,4.974403617158557,rbf,auto,7,0.0029037200617195494,-0.8060635399055818,0.04881023770121339,184
333,4.936892574283772,rbf,auto,7,0.002977925086600219,-0.8060637650119655,0.04881139149269647,185
85,5.048834104611313,rbf,auto,3,0.003289064461501717,-0.806064434542433,0.04879297466004536,186
275,4.967320855638785,rbf,auto,10,0.002744015589690766,-0.8060647465545647,0.04881659154668678,187
119,5.0951704158925075,rbf,auto,28,0.0035739755208997605,-0.8060647728412406,0.04876101165147672,188
314,4.904604520957528,rbf,auto,10,0.00385723334259869,-0.8060648135710545,0.048805432234149335,189
413,4.9018970867257,rbf,auto,29,0.0038369414446556348,-0.8060648506282749,0.04880121988246559,190
483,4.906226816576902,rbf,auto,25,0.0035756202010112383,-0.8060649612319006,0.048808717534112804,191
138,5.023170232877983,rbf,auto,16,0.003213096391031578,-0.8060650599084818,0.04880551541097357,192
228,4.969482681645083,rbf,auto,11,0.002899249672358692,-0.8060652162829449,0.04881197844658826,193
369,5.010835600503159,rbf,auto,25,0.002488324469899453,-0.8060660134258668,0.048829089508799335,194
36,5.0943424190778215,rbf,auto,3,0.0038049252430844872,-0.8060662107588483,0.048746990412619005,195
96,4.985636829663463,rbf,auto,21,0.0028624623458541917,-0.8060662856257649,0.0488165038761647,196
195,5.094878961533234,rbf,auto,27,0.003491808570098726,-0.8060663536065737,0.048752901342190215,197
21,4.9790300472003635,rbf,auto,4,0.002990499894055426,-0.8060663544631277,0.048813239535122066,198
254,4.99591642035085,rbf,auto,4,0.002686532709092739,-0.8060677806171765,0.04881850351534262,199
296,4.933346151998677,rbf,auto,15,0.0031013637796425677,-0.8060678439009841,0.048808980018980694,200
217,5.075330720531669,rbf,auto,25,0.0029507794856881804,-0.8060684095884953,0.048776097214578075,201
469,5.049930366348585,rbf,auto,3,0.002972979296142727,-0.8060686124086534,0.04880322074745309,202
382,5.007968555781639,rbf,auto,19,0.0029763896535012742,-0.8060687527513846,0.04880325714111032,203
4,4.904116898859161,rbf,auto,2,0.003610993861334124,-0.8060687700075123,0.048808489805922096,204
34,5.0331844713235,rbf,auto,12,0.003188787356776066,-0.8060687718175508,0.04879476391394858,205
332,4.982924824745405,rbf,auto,28,0.002676348594668293,-0.8060693415295127,0.04881149447884559,206
345,4.946214959317615,rbf,auto,27,0.002528539395530169,-0.806069394455737,0.048816640753025345,207
79,5.057068130222789,rbf,auto,8,0.00303314529829795,-0.806069626400878,0.04878599475952193,208
255,5.017368223604176,rbf,auto,8,0.0029336771733037958,-0.8060705178286209,0.04880662959581598,209
86,5.013661720667095,rbf,auto,12,0.0025450703841938004,-0.8060710435541527,0.04882004336561067,210
134,5.029954736528553,rbf,auto,26,0.0030802504902610827,-0.8060710701455914,0.04880784120128724,211
162,4.989689104395664,rbf,auto,3,0.003013204629505595,-0.8060712433619832,0.04882144264648352,212
80,4.901839410323326,rbf,auto,25,0.0033185088455402792,-0.8060716211437651,0.048804606380188624,213
44,4.932244257450801,rbf,auto,2,0.0031227702406689665,-0.8060717495628884,0.04880460045859195,214
125,4.918774658016258,rbf,auto,25,0.0033019868835886565,-0.8060722547770058,0.04881645374173094,215
335,5.059956404414854,rbf,auto,29,0.0031258799352552615,-0.8060722921164561,0.04879114495736316,216
252,4.94664328230996,rbf,auto,13,0.0029689622677702434,-0.8060724122247891,0.04881248284054278,217
40,5.027282082252756,rbf,auto,20,0.0028173778598819185,-0.8060725003078085,0.04880441136910875,218
151,4.935487908755945,rbf,auto,9,0.0028436014187497916,-0.8060725031429403,0.04881011488216538,219
361,4.997486239649903,rbf,auto,14,0.002356327263469072,-0.806072662955339,0.04883324354536366,220
232,4.982332242871506,rbf,auto,3,0.0025771802743210547,-0.8060729603440435,0.04881873293608198,221
383,4.910285162696851,rbf,auto,27,0.0029852142445844464,-0.8060734659419195,0.048803112795973866,222
310,5.022990052630531,rbf,auto,26,0.002932149160083986,-0.8060735184465566,0.04881365889340433,223
251,4.94228960139931,rbf,auto,26,0.0026776778200776176,-0.8060737633785434,0.04881226191376073,224
33,4.912711670057205,rbf,auto,23,0.0033452062633180365,-0.806074358488118,0.04881620164290966,225
297,5.006692218395265,rbf,auto,7,0.0028667542462869435,-0.8060746111712402,0.048803459376180226,226
372,5.046436915691813,rbf,auto,2,0.003003584302168267,-0.8060746232995697,0.048789190314702795,227
101,4.914083226169909,rbf,auto,18,0.003076036133495849,-0.8060749901437003,0.04880462418077648,228
322,5.0605706897196026,rbf,auto,21,0.0030196076586506953,-0.8060752706415402,0.048778146498420466,229
271,5.001522075736891,rbf,auto,17,0.0026502001159055834,-0.8060754485442965,0.04881342457522601,230
174,5.089449715476772,rbf,auto,25,0.0029604436941064217,-0.8060756801417057,0.048773914087223605,231
127,5.031422265700034,rbf,auto,5,0.0030596037311717613,-0.8060757574977936,0.04880135711645605,232
357,4.906845622164107,rbf,auto,20,0.0031217445392456703,-0.8060760009208557,0.04881173212725439,233
172,4.916967542817039,rbf,auto,19,0.0029075270861339117,-0.806076096031027,0.0488109904089568,234
106,5.062022678935836,rbf,auto,25,0.003058568554328403,-0.8060761200423929,0.048783008610318944,235
373,5.033007334909252,rbf,auto,7,0.0028674718908970036,-0.806076485284349,0.04880571632437021,236
384,4.966848778163392,rbf,auto,26,0.002372186543501848,-0.8060767052413411,0.04881884577663417,237
347,4.935708932410867,rbf,auto,1,0.0027846079239168308,-0.8060773858021747,0.048810523459299385,238
306,5.019688540241046,rbf,auto,4,0.002714622216737981,-0.8060775821628223,0.048814712596736164,239
248,5.073442996214945,rbf,auto,6,0.002664086332275116,-0.8060777219920583,0.048780391310981476,240
268,5.043691454167311,rbf,auto,11,0.0028590634473494993,-0.806078198366903,0.04879750035788605,241
126,4.955986779389189,rbf,auto,16,0.0025844812871328336,-0.806078510946296,0.04880978677943921,242
427,5.0885463548270256,rbf,auto,22,0.0030396839743942958,-0.8060787515516308,0.04876753106104372,243
59,5.026870268940273,rbf,auto,2,0.0026556729165856823,-0.8060788806108505,0.0488225563193556,244
55,4.949375212567721,rbf,auto,7,0.0024872425294619276,-0.8060791277156378,0.04881637181462053,245
37,5.0122554395139,rbf,auto,14,0.002469977981821954,-0.8060800391566698,0.04882046302400376,246
291,5.049521876035251,rbf,auto,15,0.0028884313545306287,-0.8060804694732037,0.04879733815504656,247
350,5.0925298637109755,rbf,auto,20,0.003341425682853231,-0.8060805946672831,0.04876370605955921,248
114,5.064520112131932,rbf,auto,22,0.0026864121359832776,-0.8060817834139392,0.04878738464830443,249
216,5.063277147042613,rbf,auto,12,0.0028056898576769317,-0.8060818725475267,0.048791478945075344,250
414,4.9803861827218485,rbf,auto,21,0.002399906634282524,-0.8060820823529129,0.04881690759864543,251
327,4.949645288551431,rbf,auto,25,0.002492838863697399,-0.8060833353550171,0.04881736713055264,252
202,4.97529267337561,rbf,auto,1,0.0024028504093317735,-0.8060834469006037,0.04882269304496582,253
205,5.01381629383315,rbf,auto,1,0.0023444657989748516,-0.8060834711883107,0.04882105045016827,254
133,4.994694354156113,rbf,auto,1,0.0023243690646980574,-0.8060834717704563,0.04882819592007415,255
278,4.9005421798828666,rbf,auto,9,0.0029791937030392217,-0.8060835717221473,0.048802831773224746,256
22,5.084374847004623,rbf,auto,8,0.002853219872026997,-0.8060836290374752,0.048772767289142434,257
186,5.083823143055732,rbf,auto,4,0.002770271422006604,-0.8060837918120244,0.04878541161695211,258
358,4.981882330438248,rbf,auto,9,0.0021816326456765836,-0.8060838720947114,0.04882317871815691,259
303,4.925497732466397,rbf,auto,24,0.002512441737312651,-0.80608462279259,0.04881149220302492,260
74,4.91862055356118,rbf,auto,12,0.002792467268035488,-0.8060851554420199,0.04881223560263549,261
323,4.9228534600111375,rbf,auto,20,0.0026879780146896147,-0.8060856352910383,0.04880908831871803,262
203,5.0970572101331015,rbf,auto,11,0.002971653576760676,-0.8060857085344122,0.04876418204495338,263
438,4.953120008517741,rbf,auto,28,0.002384384141651842,-0.806086508995976,0.04882350130710344,264
456,4.932151979209662,rbf,auto,4,0.002781908675198785,-0.8060867067557641,0.048811935221497536,265
188,4.943361821317299,rbf,auto,15,0.0022737053238388663,-0.806086736501672,0.048816583161386214,266
308,5.091814958912806,rbf,auto,8,0.0029179589738306025,-0.8060871212499773,0.04877555434892097,267
57,4.9533562028550575,rbf,auto,2,0.0025143951161443077,-0.8060873366593375,0.04881836134927378,268
237,5.078843452579186,rbf,auto,17,0.0025180863542742845,-0.8060873545047288,0.048796865885437773,269
398,5.0998706999131675,rbf,auto,26,0.0028407261527631476,-0.8060886011668904,0.04876882298557237,270
315,4.9748870739440845,rbf,auto,9,0.0021216533565119305,-0.8060891422952077,0.048828597348255176,271
367,4.903678135309494,rbf,auto,18,0.0026493083932754057,-0.8060894696686003,0.048816223682867144,272
432,5.085550456639043,rbf,auto,26,0.002626157504301341,-0.8060895825535465,0.04878828413630909,273
397,4.907885362273701,rbf,auto,10,0.0029423187848496555,-0.8060896775117044,0.04880430077806101,274
484,5.012550057268677,rbf,auto,12,0.002367049533457786,-0.8060900571711714,0.04882443983098665,275
472,4.950501749937676,rbf,auto,23,0.002230513531883742,-0.8060903483722951,0.048812225207335025,276
156,4.920624773767187,rbf,auto,17,0.0026726373676528173,-0.8060904314658099,0.04881523067001637,277
338,5.005529546028957,rbf,auto,22,0.0022048137346911407,-0.8060905515489128,0.04882014613055409,278
244,5.051991081787517,rbf,auto,14,0.0023136735806657395,-0.8060907250071521,0.04881084012935572,279
225,5.089904124731529,rbf,auto,4,0.0022977340397308623,-0.806091854031244,0.04879288679623109,280
325,4.996167395617815,rbf,auto,27,0.002262089704449036,-0.8060925624765728,0.048827886212227445,281
88,5.09460211095049,rbf,auto,13,0.002434710764797276,-0.806092665161309,0.04878964299499417,282
2,4.931198904067241,rbf,auto,11,0.002297244459829336,-0.8060932217483938,0.04881796162899586,283
81,4.901012316769244,rbf,auto,14,0.0027446689468329307,-0.8060934393233659,0.04881086506973671,284
445,5.09829506702901,rbf,auto,18,0.002476732635069872,-0.8060942436143202,0.04877602804314864,285
214,4.904436948406061,rbf,auto,26,0.0026025385045189667,-0.8060944444099093,0.04880456043418587,286
330,4.902618891317667,rbf,auto,21,0.002576868412034063,-0.8060945001322228,0.0488002389205066,287
107,4.916318836080048,rbf,auto,7,0.002508581473435998,-0.8060945258270774,0.04881598098968882,288
132,4.9034322203663505,rbf,auto,26,0.002459079375584162,-0.8060946002639058,0.04880801319772866,289
136,4.903060908058078,rbf,auto,19,0.0025166812929004385,-0.8060946728979763,0.04881146212944582,290
15,4.94617876512443,rbf,auto,28,0.0022017624686980065,-0.8060946898695296,0.048822098180221735,291
9,5.094751103768292,rbf,auto,15,0.0022813499210851797,-0.8060948986733546,0.048787334377263056,292
152,5.015184915051617,rbf,auto,3,0.0020640883845571326,-0.8060951587723769,0.04883656581075617,293
178,4.998525020858172,rbf,auto,13,0.0020270104339070857,-0.8060951835605614,0.04883364704900689,294
20,5.093916925552912,rbf,auto,26,0.0022497706668488287,-0.8060957844776728,0.048784464534781795,295
46,5.060734415379823,rbf,auto,12,0.002083549739351831,-0.8060959159981941,0.04881103929763971,296
116,4.943164205499369,rbf,auto,5,0.002287325808068643,-0.8060964682899469,0.04881279525732796,297
478,5.092647330688027,rbf,auto,24,0.0021626740052130096,-0.8060964802509345,0.04878206184720685,298
12,5.021508970380288,rbf,auto,21,0.002253496259847715,-0.8060965605909078,0.04883020355190731,299
84,4.965079939631854,rbf,auto,20,0.0018333439229142995,-0.8060969346577821,0.04882694459562522,300
18,5.032504456870797,rbf,auto,2,0.0021267793724562235,-0.8060969521127804,0.048818928814892124,301
334,4.9134152954776855,rbf,auto,23,0.002134944526683747,-0.8060975035755478,0.04882051363228924,302
324,5.083971123282552,rbf,auto,2,0.002329500611594066,-0.8060980089044909,0.04879244636196448,303
288,4.963239316459299,rbf,auto,10,0.001963225537113177,-0.8060980335529291,0.048825176721641585,304
292,4.97107249036368,rbf,auto,15,0.001920456106866057,-0.8060985662892615,0.048823776945243806,305
491,5.021461289652534,rbf,auto,20,0.0021525294744973137,-0.8060985761024675,0.0488304149646785,306
391,5.0580027117583715,rbf,auto,25,0.0022310288647897788,-0.8060989270911068,0.04880708858058909,307
462,5.008253315735223,rbf,auto,2,0.0017103608301934305,-0.8060994626151228,0.04883672581141566,308
122,4.936866734866275,rbf,auto,23,0.002142572374700539,-0.8060995038085119,0.048816007954027275,309
221,5.021617569908377,rbf,auto,18,0.0019622202254986616,-0.8060996964908327,0.04883782744602933,310
196,5.0072192732688245,rbf,auto,1,0.0020570336043609313,-0.8061002173370817,0.04882600079770293,311
270,5.093598813300847,rbf,auto,4,0.002128182193082084,-0.8061006428115446,0.04879582078830492,312
409,5.025178275287402,rbf,auto,16,0.002135085283274322,-0.8061012998929498,0.0488242433710588,313
374,5.06762139263566,rbf,auto,21,0.0019166926412474872,-0.8061018715255435,0.048802134863657205,314
63,5.026461166118716,rbf,auto,6,0.0019951222122227656,-0.8061024153679874,0.04883342105038983,315
35,5.077442548515266,rbf,auto,1,0.0019156343737689492,-0.8061027995072336,0.04879469715903772,316
27,4.914910128735954,rbf,auto,7,0.0021180074035318484,-0.8061035148665715,0.048816078274599106,317
356,4.951884686686259,rbf,auto,2,0.0018162960609754526,-0.8061038525646621,0.04882370942657242,318
10,5.057035192278603,rbf,auto,19,0.0019133099563358137,-0.8061040412349909,0.04881380708466844,319
117,5.068404615002397,rbf,auto,20,0.002057769525283393,-0.8061041793055923,0.048797122840976474,320
170,5.040193826291825,rbf,auto,10,0.0019842580097712594,-0.8061042736108621,0.04882811987560138,321
62,4.948431987655486,rbf,auto,6,0.0018399156635962662,-0.8061048873512732,0.04882945343131792,322
441,5.047042530904691,rbf,auto,2,0.0020432660653534936,-0.8061049487353749,0.04882431620896659,323
193,4.937624231944753,rbf,auto,26,0.0019423419199493608,-0.8061060418634682,0.048820296760597605,324
377,5.054197185107096,rbf,auto,29,0.0019474780702098827,-0.8061067748762198,0.04880481118237394,325
189,5.025511616016813,rbf,auto,22,0.0019220091568960995,-0.8061072520998798,0.04883227341098512,326
222,4.987494984404746,rbf,auto,2,0.0017422773351165016,-0.806108379622216,0.048828746760539485,327
111,4.987694824603618,rbf,auto,22,0.0016417633373736597,-0.8061092690185543,0.04882585129073078,328
458,4.957407626634983,rbf,auto,14,0.0016331678825164647,-0.8061094691998528,0.04882614149123516,329
61,5.034427109481176,rbf,auto,11,0.0018492722803070223,-0.8061101136476452,0.04883078536682821,330
191,5.0900822968153125,rbf,auto,8,0.0019736089930406497,-0.8061101985992846,0.04879159276971955,331
157,4.999312238136616,rbf,auto,25,0.0016012480051530587,-0.8061113570530857,0.04883655939664802,332
276,5.009784395977796,rbf,auto,2,0.0016127692248736147,-0.8061121309204822,0.04883062174456938,333
321,4.97586113967711,rbf,auto,21,0.0016769862082295045,-0.8061132498566945,0.04882104084736947,334
408,5.007680298076158,rbf,auto,22,0.0015947625146603495,-0.8061135285801159,0.048836853394118515,335
421,4.909020135444065,rbf,auto,15,0.0019226332357984083,-0.806115832152926,0.04881312419397913,336
215,5.054463678347128,rbf,auto,27,0.001539886198855247,-0.8061158357944798,0.04882210736808188,337
75,5.076527268637868,rbf,auto,23,0.0016961489552435034,-0.8061162059510885,0.04880838434559799,338
355,5.082124800708061,rbf,auto,5,0.0017100867584893798,-0.8061162539577662,0.04879600763709275,339
466,5.041714400920526,rbf,auto,22,0.0017304152847647837,-0.8061164912389052,0.04882937706709555,340
250,4.936456775695192,rbf,auto,7,0.0016113958279158913,-0.8061169253348808,0.04882590280213558,341
32,5.07000771555796,rbf,auto,12,0.0016554901242632459,-0.8061175212946802,0.04879961851497132,342
328,4.98378508990091,rbf,auto,24,0.001558365855663787,-0.8061177819207078,0.048829863022695034,343
298,5.099538523184769,rbf,auto,25,0.0015596103389777412,-0.8061181645562391,0.04880059273668995,344
416,5.053654682772904,rbf,auto,25,0.0016828523191421102,-0.8061185223002958,0.04882199885938707,345
309,4.980170283352728,rbf,auto,15,0.0014406480823786305,-0.8061188301791878,0.04883738745346609,346
150,4.983589206343116,rbf,auto,29,0.0014111728628565324,-0.8061190256987733,0.04883222995847001,347
475,5.0589619097499865,rbf,auto,29,0.001492872154949963,-0.8061190389868493,0.0488223755854115,348
145,4.918888592151186,rbf,auto,3,0.0016837710744436324,-0.8061192971597609,0.04882298088629861,349
236,4.9241271742201205,rbf,auto,9,0.0017809574213599306,-0.8061198798889292,0.0488147545118603,350
272,5.041446019128889,rbf,auto,14,0.0014441527662012788,-0.8061210518388554,0.04883133916904786,351
368,5.063010885680492,rbf,auto,9,0.00137127610343603,-0.8061226231340571,0.04882056669626487,352
234,4.908173723253296,rbf,auto,5,0.0017264131391119338,-0.8061229718082815,0.0488158938446652,353
256,5.012891708504529,rbf,auto,10,0.0014198795289936223,-0.806124588639398,0.048842166960665956,354
98,4.977019545720386,rbf,auto,23,0.0013433742844507842,-0.8061246762250436,0.04882238958006504,355
493,5.030303893360453,rbf,auto,21,0.0013459670221754882,-0.8061247984959315,0.04884624268502087,356
311,5.001177735776894,rbf,auto,25,0.001281077659268311,-0.806124960671915,0.04884031082839717,357
58,4.910295750249999,rbf,auto,5,0.001726356240133415,-0.8061257518121824,0.048818556759379864,358
304,5.007972127422567,rbf,auto,29,0.0011472569761632073,-0.806126299009572,0.04883576467848401,359
48,4.9712595676153954,rbf,auto,1,0.0013616612469231765,-0.8061271937377292,0.04883424680501807,360
481,5.096795529591966,rbf,auto,1,0.0016047137021906372,-0.8061278259865322,0.04880416815839406,361
135,5.027018730173529,rbf,auto,2,0.0013054681167085696,-0.806128366176704,0.048839125858079625,362
459,5.011968862461766,rbf,auto,8,0.001300017905320799,-0.8061285202197912,0.048836087480609205,363
54,4.97272592047586,rbf,auto,17,0.0012705770696717234,-0.806128703847806,0.048826671220207014,364
389,4.901050763711678,rbf,auto,12,0.0018058694847001339,-0.8061290221939375,0.04881134765958281,365
73,5.003327178254203,rbf,auto,17,0.0012102614545022583,-0.8061294921295804,0.048833460891713205,366
190,5.047420141168605,rbf,auto,11,0.0014058159479611516,-0.8061301196369953,0.04882975879276096,367
121,4.987794284141128,rbf,auto,23,0.0012553026367333059,-0.8061301487519167,0.04883953052888575,368
60,4.989556632914619,rbf,auto,6,0.0012112763575575021,-0.8061303385473548,0.048837449934067585,369
192,4.921351213187177,rbf,auto,21,0.0013879059149056634,-0.8061304729348129,0.048821740036710755,370
418,4.9220948226262795,rbf,auto,14,0.001486014382274411,-0.806130707494107,0.048829540819595826,371
97,5.09606631674321,rbf,auto,20,0.0014732444603479285,-0.8061311544928254,0.04880412542317753,372
71,4.941814324147543,rbf,auto,10,0.001290708138575778,-0.806131165940602,0.048830182204579485,373
243,4.974094420558277,rbf,auto,22,0.0011815826655870215,-0.806131346374,0.04882620055680471,374
43,5.088570714111596,rbf,auto,7,0.00144975726456884,-0.8061315079765896,0.04880259050188139,375
371,4.927377126013762,rbf,auto,25,0.001333491966854411,-0.806131542602069,0.04882748458270691,376
417,5.004503838326905,rbf,auto,1,0.0011948857288415116,-0.8061319813333444,0.04883748944546614,377
143,5.081070128391213,rbf,auto,12,0.0013708056366056687,-0.8061323684855651,0.04881407851259623,378
102,5.098010770020853,rbf,auto,2,0.0012718182453486937,-0.8061324156399383,0.04880905227404214,379
435,4.992676149643124,rbf,auto,13,0.0011200880741131154,-0.8061327475765468,0.04884567693663307,380
293,5.008710572222798,rbf,auto,8,0.0011461269546239818,-0.8061333418268799,0.048835093214321015,381
226,5.0684182830037425,rbf,auto,17,0.0012922219414947917,-0.8061337267013482,0.04881687554583511,382
344,4.9815968990729695,rbf,auto,25,0.0011108608096647471,-0.8061345303315225,0.04883771919584535,383
260,4.945066559542506,rbf,auto,6,0.0012307886419225405,-0.8061346121209564,0.04882486401286479,384
17,4.934672930701555,rbf,auto,17,0.0012948999080000846,-0.8061347599731763,0.04882892461628747,385
404,5.030033470088646,rbf,auto,24,0.0011510441864385152,-0.8061350710179349,0.04883921278323779,386
419,5.070564364338381,rbf,auto,18,0.0011690387552495496,-0.8061350871752444,0.048819169329387256,387
213,5.0236256480915795,rbf,auto,28,0.0013443624101265367,-0.8061351955266499,0.04883419052975747,388
381,5.04651441944205,rbf,auto,1,0.0013505561119609745,-0.8061352780559525,0.048832157991264634,389
341,5.089223092426727,rbf,auto,10,0.0013547233657177687,-0.8061354238553916,0.04880736944246992,390
290,5.079933489058435,rbf,auto,29,0.0015078893708207104,-0.8061355200404783,0.04880674800347989,391
120,4.908213503353576,rbf,auto,24,0.001355161256310371,-0.8061361743294023,0.048819857214717315,392
7,4.901413261043944,rbf,auto,25,0.0014571457009902094,-0.8061365391423848,0.04882198588585389,393
42,4.982076584607126,rbf,auto,11,0.001016306123673847,-0.8061366812674915,0.048837742252136766,394
87,5.02726652363718,rbf,auto,22,0.0012209482168954178,-0.8061377166610996,0.04883895739592382,395
366,5.080114460247278,rbf,auto,2,0.0013625366325968446,-0.8061383780641531,0.04880878582270175,396
348,5.044162619262102,rbf,auto,3,0.0012168609549972704,-0.8061384568767498,0.0488390081057257,397
41,5.039103217285226,rbf,auto,5,0.0012474611457443747,-0.8061387409696426,0.0488360984290234,398
426,5.0486705645787255,rbf,auto,4,0.0011593585069172168,-0.806139278168718,0.048831640942043834,399
242,5.019455616451086,rbf,auto,20,0.0010477466166835515,-0.8061395418137025,0.04884634967483025,400
269,4.955995818732057,rbf,auto,12,0.0010263878007472954,-0.806139663540049,0.0488355722566083,401
83,4.93518505053547,rbf,auto,4,0.0011872454374840004,-0.806140640478284,0.04883554987871787,402
210,5.0699294781354824,rbf,auto,17,0.0012064241616481593,-0.8061406457437761,0.04882319337615828,403
266,4.901060001279522,rbf,auto,22,0.001290514135224699,-0.806140773488135,0.0488239858280755,404
147,4.904654387147166,rbf,auto,2,0.0013044726411795154,-0.806140819885058,0.04881970192778162,405
0,4.974908023769473,rbf,auto,29,0.000918173949330819,-0.8061417139534282,0.04884071813804889,406
480,5.092904094454042,rbf,auto,19,0.00137207601174335,-0.8061421274077164,0.048796415559153206,407
124,4.931287408534217,rbf,auto,2,0.0011999367957870161,-0.8061446731258834,0.048823092540994546,408
429,4.97681812229825,rbf,auto,9,0.0009331913107212726,-0.8061451178998021,0.04882858613826384,409
68,4.969733197458346,rbf,auto,7,0.0008728321450249572,-0.8061464227630151,0.0488409956820055,410
233,5.094622069854021,rbf,auto,29,0.000962445094043354,-0.8061466239644517,0.048814864705498166,411
353,5.069625619093377,rbf,auto,16,0.0009081771754489866,-0.8061473540668864,0.04882306784268935,412
154,5.073423321441945,rbf,auto,5,0.0011939842989517008,-0.8061482130336577,0.048819751251140256,413
485,5.0936386855829445,rbf,auto,14,0.001019506246381371,-0.8061484353584261,0.04881278826143139,414
19,4.941588332573638,rbf,auto,4,0.0009252722776276353,-0.8061486884632458,0.04882560195636482,415
50,5.072146116651269,rbf,auto,7,0.0008242792657147087,-0.806148973909537,0.04882940799239215,416
282,5.098185895291478,rbf,auto,2,0.0009071653308283008,-0.8061506346426487,0.0488186930487522,417
197,5.02055637640466,rbf,auto,16,0.0008140846967244565,-0.8061507515582573,0.04885213529542159,418
364,4.9805100087193965,rbf,auto,9,0.0006977803703641207,-0.8061511136357554,0.04884188528031217,419
229,4.968312642091309,rbf,auto,15,0.0006453986095532461,-0.8061521547029091,0.04883756641371268,420
482,5.044884534522824,rbf,auto,2,0.0010665235201254165,-0.8061524689867723,0.04883851003992152,421
489,5.084169569563138,rbf,auto,3,0.0009282943733832718,-0.8061525290540874,0.048806117366303775,422
123,5.037699980153073,rbf,auto,1,0.0008674716003542289,-0.8061528611870299,0.048850910978371326,423
131,4.962282661878259,rbf,auto,20,0.0008776513494466927,-0.8061534972734833,0.048842103064516716,424
187,5.0938605071238205,rbf,auto,18,0.0008320771595462646,-0.8061546322289483,0.04881399444315003,425
375,5.003783541056568,rbf,auto,2,0.0008324168437803971,-0.8061555066649774,0.048840156803982473,426
167,5.009183154032998,rbf,auto,11,0.0005863350821380293,-0.8061563327200864,0.048843916027271506,427
5,5.08771054180315,rbf,auto,2,0.0009101248360355031,-0.8061563534445149,0.048809739738661574,428
1,5.0559382000545545,rbf,auto,21,0.0007810932022121826,-0.8061564968498086,0.04882914121516691,429
179,5.014294605041003,rbf,auto,20,0.0005950895813403597,-0.8061571738427494,0.048843154469428,430
450,5.070116345818849,rbf,auto,27,0.0008030005266503605,-0.8061581494215584,0.04882423593226973,431
492,4.940104945340067,rbf,auto,25,0.0008051273453909503,-0.8061581918101389,0.048837439693538494,432
474,4.920438723938744,rbf,auto,9,0.0008191191059583459,-0.8061589485093423,0.0488294530178061,433
245,5.049494187626752,rbf,auto,14,0.0007396954595311335,-0.8061609154650624,0.048838581480215165,434
318,5.096968239792467,rbf,auto,14,0.0009326043974706035,-0.8061619581062607,0.04881398438743871,435
277,5.061974889170927,rbf,auto,1,0.0006951238672101019,-0.8061621239579899,0.048835505399103404,436
399,5.083097659517609,rbf,auto,14,0.0006036128939323223,-0.8061632728950489,0.04883046895301429,437
299,4.949697827962893,rbf,auto,23,0.0007166399277423481,-0.8061645757900722,0.04884108093595977,438
177,4.949744830886058,rbf,auto,19,0.0005569874115307567,-0.8061646117030017,0.048843552216364425,439
164,5.05831580874517,rbf,auto,25,0.0005683230100872401,-0.8061656806194797,0.04884388881184371,440
38,5.0045465658763995,rbf,auto,15,0.0005554541040591566,-0.806165834863395,0.0488498222578509,441
230,4.9256091677915546,rbf,auto,11,0.0006951358632470507,-0.8061658531706926,0.048827452739081116,442
284,4.909618928792818,rbf,auto,29,0.0006998618831314475,-0.8061660073904842,0.04882137496459143,443
365,5.06698604735986,rbf,auto,4,0.000662381055626652,-0.8061675861553166,0.048828127788181415,444
331,5.095108263136551,rbf,auto,9,0.0007443136387655648,-0.8061684226341551,0.04881969763170248,445
47,5.076656051783774,rbf,auto,26,0.0006114397735033668,-0.8061686412745358,0.04883241955660926,446
264,5.039392292473285,rbf,auto,24,0.0005611945108402618,-0.8061687205293511,0.04885144484346102,447
182,4.974974115904741,rbf,auto,17,0.00041545660846677114,-0.8061689328049653,0.048841987672333186,448
239,4.996229078811259,rbf,auto,22,0.0004097951597443596,-0.8061695808160041,0.04884463767895751,449
261,4.932136274651912,rbf,auto,11,0.0004404381227007194,-0.8061698089491331,0.048831769090461184,450
463,5.02652437862679,rbf,auto,5,0.0005135486399533963,-0.806170060201587,0.048851002720626625,451
317,5.082137239651143,rbf,auto,1,0.0005671902292037763,-0.8061701455733056,0.04882051271897334,452
235,4.969523842896537,rbf,auto,22,0.0004445126687852781,-0.8061703165695697,0.04884202204188084,453
423,5.059597864428677,rbf,auto,5,0.0004480550115612976,-0.8061716976616042,0.048837551195655006,454
175,4.970043649340063,rbf,auto,28,0.00041850358349334384,-0.8061720829421983,0.048844793041262345,455
238,5.038078965725873,rbf,auto,9,0.00046245293114373045,-0.8061727870267751,0.04885880413616368,456
241,4.955375529629441,rbf,auto,1,0.0004235850384034097,-0.8061732335635752,0.04883962182591432,457
464,5.087445697447291,rbf,auto,4,0.00034018529552585954,-0.8061741450005148,0.04881824251195906,458
412,5.005787426805442,rbf,auto,3,0.0003511485287373552,-0.8061745523149739,0.048848494400067555,459
159,5.09170829937664,rbf,auto,19,0.00045743338393066784,-0.8061750165671404,0.04881928941134517,460
499,5.044857061625283,rbf,auto,19,0.0005256508920908744,-0.8061752327729442,0.04885033953874449,461
376,5.047606723285274,rbf,auto,19,0.0004526848028880394,-0.8061769056564826,0.04884888402896831,462
194,4.94587894914099,rbf,auto,28,0.00038967318482492424,-0.8061774715383594,0.048837036066594446,463
165,5.086185821137459,rbf,auto,26,0.00028879380008322143,-0.8061776320551569,0.04882933494019349,464
30,5.058035108106242,rbf,auto,27,0.0003712232586704518,-0.8061780421305696,0.04883698245171576,465
428,5.002537702203302,rbf,auto,10,0.00023572678573906503,-0.8061780559830491,0.04885057892686705,466
169,5.073373741062168,rbf,auto,6,0.0004215340305749872,-0.8061784858254765,0.048843010924064456,467
301,5.075353127352351,rbf,auto,1,0.0005155801537207251,-0.8061788288405571,0.04883006640185044,468
130,4.923214528101384,rbf,auto,5,0.00047178494134280063,-0.8061808969389539,0.04883123916538196,469
171,5.078379381755355,rbf,auto,2,0.00040774390320949885,-0.8061815360139116,0.04883934952633596,470
487,5.068956645623378,rbf,auto,20,9.030946239159687e-05,-0.8061817061012316,0.04884084001800937,471
108,5.059659035793356,rbf,auto,1,0.00035570458499963834,-0.8061820010397203,0.04883510735763439,472
274,4.964128438431903,rbf,auto,3,0.0002601176841121346,-0.806182346501487,0.04884266053264123,473
488,5.059359565572806,rbf,auto,12,0.0001636308974562596,-0.8061828460468673,0.04883404475482728,474
14,5.061679469623293,rbf,auto,9,8.083126110107097e-05,-0.8061836578724598,0.04884535273425217,475
201,5.010317574508814,rbf,auto,5,0.00013283487248626002,-0.8061838484929215,0.04885667789476829,476
8,5.022370578944476,rbf,auto,10,0.00023432831606807713,-0.8061843713433596,0.04886228565901624,477
247,5.0023354884231335,rbf,auto,15,0.0001533607636679708,-0.8061844877094183,0.048848887681882544,478
495,4.929916128533513,rbf,auto,21,0.0003632344389727944,-0.8061846666039042,0.04883302759459786,479
454,4.993094001753997,rbf,auto,23,2.6725853773573838e-05,-0.8061854227399315,0.04885222552088193,480
457,5.051327160756987,rbf,auto,12,3.2929358584167895e-05,-0.8061858144372562,0.048856589726408384,481
11,5.096646177161358,rbf,auto,25,0.00023325206359998862,-0.8061868980719613,0.0488262776472863,482
206,4.982963900467533,rbf,auto,1,6.935982413498642e-05,-0.8061869294019164,0.04884720522393892,483
443,4.909756716334635,rbf,auto,18,0.0004062310795382397,-0.8061874538054647,0.048826952106711355,484
149,5.025788569355977,rbf,auto,29,0.00019693163337823128,-0.8061878007517208,0.04886100728049219,485
470,4.976722452081125,rbf,auto,29,0.00011161775764498627,-0.8061879000497031,0.0488446463588851,486
144,4.942917823941675,rbf,auto,14,9.210912825774864e-05,-0.8061882350919379,0.04883986204919619,487
362,4.936421427764317,rbf,auto,18,0.00011334654160058699,-0.8061888613272323,0.04884024906718479,488
158,5.079104645699241,rbf,auto,17,0.0002684264837368446,-0.8061908712717567,0.048839611083611234,489
410,5.07533307557249,rbf,auto,2,0.0001230039077826901,-0.8061910748236303,0.04883030048356344,490
240,5.074715724821356,rbf,auto,16,0.0003063897992743188,-0.8061911271069178,0.04883860826046563,491
113,5.072080923662336,rbf,auto,17,0.00018774094374607208,-0.8061911608129811,0.04883918687125758,492
129,4.931729289528499,rbf,auto,22,7.296744314877934e-05,-0.8061920614214845,0.04882984189938678,493
259,5.0211549638713775,rbf,auto,1,3.8671815670373695e-05,-0.806192274593265,0.04886172335618974,494
39,4.987867300373154,rbf,auto,19,0.00015814592843367125,-0.8061923052548549,0.04884692013347225,495
184,4.902430894937964,rbf,auto,13,0.00021679955975288057,-0.8061930022144047,0.04884022377740659,496
263,4.916046749132329,rbf,auto,19,9.221240714180523e-05,-0.806193020162343,0.04883819235318138,497
305,5.044450513678614,rbf,auto,2,6.201536159022259e-05,-0.8061938640660469,0.048859587187877966,498
370,5.04404051632646,rbf,auto,21,5.5979143292402385e-05,-0.806195183106364,0.04885438642904257,499
28,4.978976303635115,rbf,auto,8,2.8610585618012e-05,-0.8061967080893873,0.04885062483699903,500
