,w_knn,w_rf,w_svm,w_xgboost,f1
264,0.033462619308381125,0.6140119149561158,0.8043511467787814,0.13139501213804305,0.5523997368824013
112,0.18786897357112797,0.675836800116325,0.925770339042422,0.049352898289671154,0.5523997368824013
305,0.22768697913444913,0.32237246239886164,0.9680614054158684,0.05690930693845009,0.5523997368824013
235,0.040768838634102966,0.5414156379914908,0.8509868177844103,0.1086774155677519,0.5523997368824013
86,0.022540566966801512,0.5264112990203003,0.7311884702936138,0.019467002858422178,0.5523997368824013
389,0.03446572017863503,0.022035886841222263,0.7304979293649867,0.5295351562813962,0.5523997368824013
444,0.07040770877902014,0.35222811245364516,0.8185041253538399,0.3027970150978715,0.5523997368824013
108,0.20385453000666653,0.004956343677409603,0.49159396197084937,0.21762890278490798,0.5523997368824013
203,0.16961877702876738,0.5351047350431526,0.8309792860963323,0.1172033710856838,0.5523997368824013
8,0.2679227216824791,0.3916241467542939,0.9276859510726376,0.08469276876054488,0.5523997368824013
117,0.21394949489927484,0.33442371173614116,0.8241667494645776,0.15109557136084106,0.5523997368824013
361,0.28523185314168453,0.14886883734747225,0.7006489415514985,0.02998780647294441,0.5523997368824013
158,0.2285397605485281,0.1293607566655992,0.6427312218188256,0.18222051404542128,0.5523997368824013
186,0.39107410122037967,0.021267040248767022,0.9889924701166487,0.28324432460505755,0.5523997368824013
420,0.06660689063587355,0.10410002907604321,0.6386316510870217,0.22627280391892424,0.5523997368824013
457,0.1270402875765445,0.018879387462169883,0.47124065429337136,0.197853731826515,0.5523997368824013
371,0.4527911072473053,0.47710188620977434,0.873178875690762,0.3143416357081259,0.5398511914107288
282,0.47006008619862605,0.5131142157014446,0.9697223824478224,0.3769520359081191,0.5398511914107288
91,0.09245265369232969,0.5350398458923215,0.5766184988628081,0.4400044155363475,0.5392261237951811
13,0.19311629270787134,0.662553866094567,0.6634425838838821,0.4501644313912767,0.5392261237951811
357,0.1846938228421815,0.9326209488802111,0.9545792402137288,0.23772320422825732,0.5392261237951811
296,0.22405752854615157,0.8439377535403482,0.9193440703970318,0.4410717976133871,0.5392261237951811
196,0.2963116099848119,0.7554137289245995,0.9107090127316855,0.5356345618207179,0.5392261237951811
255,0.1857819669485129,0.6530146777730655,0.7389315526287529,0.3030574049589202,0.5392261237951811
299,0.19992509981167328,0.8771568441520496,0.9852040636840106,0.4773297828848181,0.5392261237951811
471,0.18647422274829872,0.16248602402218648,0.801956016421422,0.5083774264739036,0.5386121732863322
368,0.2433127752552987,0.12812729848130588,0.487961720045198,0.20399152277343935,0.5386121732863322
59,0.37003356305305646,0.26881449940185365,0.7306582437626837,0.11736493423136074,0.5386121732863322
373,0.036046693003374375,0.14819150408544302,0.7721272171170306,0.6029991520284664,0.5386121732863322
455,0.23824278448747704,0.09688155627234774,0.7973085806252079,0.4830457363501034,0.5386121732863322
24,0.4720011278616052,0.1970264308588966,0.8412275192437639,0.17306233729094356,0.5386121732863322
450,0.08485100337586604,0.1467367085653949,0.5476156797064463,0.32712336493180605,0.5386121732863322
147,0.5640740149441942,0.35438765621579604,0.9340293165496443,0.2952719838966512,0.5386121732863322
249,0.0038623185790847003,0.2566057620966571,0.8753336054165339,0.6354003069642974,0.5379574958699722
77,0.12236397568574597,0.6860966526299093,0.9809751190415668,0.8081514324880261,0.5379574958699722
230,0.02148879988215535,0.33464410851314086,0.6085639125346902,0.49339288916960744,0.5379574958699722
363,0.08736504821950408,0.7136545896640466,0.9129981201121956,0.45228835546390456,0.5379574958699722
99,0.09672067420253738,0.46603731269451487,0.8729166715009239,0.565480118821006,0.5379574958699722
138,0.08619423393055692,0.7385696871791015,0.9039178277343464,0.6201656673313015,0.5379574958699722
225,0.19042923983863447,0.54185801790109,0.9929444397851233,0.6870113803108381,0.5379574958699722
417,0.16117246803814278,0.5184411938911108,0.9123670571669376,0.7213338337472639,0.5379574958699722
351,0.03142771971655489,0.46792814745321165,0.8200927216026684,0.6789621429971855,0.5379574958699722
304,0.001550721348824391,0.30867664957384355,0.9585178084733763,0.914887980056459,0.5379574958699722
173,0.28633516890998867,0.7384437546747067,0.9901553419837614,0.3200960586892492,0.5370615034040004
416,0.5012451431337805,0.7006221767110887,0.9644413845175301,0.3038918305909565,0.5370615034040004
21,0.1079721989845408,0.6916507664806438,0.9904905708247828,0.31178090786801305,0.5358356330965482
392,0.34176832296997295,0.4083437002668563,0.7642227897041621,0.39225917604184246,0.5358356330965482
94,0.2885001311255849,0.3420162661059025,0.6828047246993081,0.3728739066732112,0.5358356330965482
237,0.0937300671182496,0.3031156155732688,0.6975262880522021,0.4618279941571837,0.5358356330965482
228,0.003115274453269423,0.4131931095615491,0.6579717012406635,0.24578083434785303,0.5358356330965482
160,0.3211518590902711,0.3944668515542935,0.8860106639196206,0.5515052339732092,0.5358356330965482
207,0.4843123654565319,0.14471329056478188,0.5959472158683821,0.13781568713032688,0.5353822245396286
215,0.7999353003141975,0.34392018710648986,0.9618276923709538,0.3401724638386858,0.5353822245396286
312,0.5029450861487632,0.23186241798821872,0.7199288921464452,0.3062641730527429,0.5353822245396286
246,0.5865416367861329,0.4804398714140604,0.847690203083812,0.3657255771982487,0.5353822245396286
130,0.012916232164226105,0.3980786702916316,0.3282589766249262,0.6157889841773951,0.535087387988613
32,0.0374665600585683,0.39633313284264726,0.8925566353499483,0.9640028911608846,0.535087387988613
27,0.08411081621308092,0.4287431990631103,0.473892612591998,0.6096863019109411,0.535087387988613
293,0.09194983065578433,0.5581271651750097,0.8555103139525296,0.99186908449744,0.535087387988613
187,0.14732090767395156,0.7858512946747068,0.50685916707539,0.9424724896444878,0.535087387988613
51,0.05243905313634556,0.6614567033837868,0.49710090150659136,0.743196280013532,0.535087387988613
141,0.09185609215396573,0.5776402339066998,0.4422939221228651,0.8857949146250432,0.535087387988613
265,0.08382825298490437,0.3420373781463486,0.2805046282909238,0.5155061628948637,0.535087387988613
321,0.16336427512263874,0.5341693955534381,0.5683586274778765,0.7551798049129281,0.535087387988613
78,0.6578558802005838,0.18461759527940624,0.7004623968140248,0.0158015853364738,0.5348281768515458
406,0.7167689621812484,0.6061994359942112,0.9921687966017737,0.07561731724285992,0.5348281768515458
199,0.7845192699761673,0.5883423715995764,0.8377832553190337,0.03563307488176459,0.5348281768515458
227,0.31278260667803426,0.8820590027591674,0.9573859095497939,0.03975786368056078,0.5348281768515458
102,0.5294227828330222,0.7929418457852075,0.9157534645300371,0.01256906384788603,0.5348281768515458
30,0.13576349434418766,0.724529288575497,0.7937447161265373,0.06503181607145248,0.5348281768515458
421,0.6367397957981895,0.5094148074591821,0.9012111873573145,0.09027028759620037,0.5348281768515458
367,0.3586498647747124,0.5183471105159938,0.7252488421451112,0.13988976266389563,0.5348281768515458
330,0.7346188841258845,0.2778925556123807,0.7821729552717557,0.010485694824516112,0.5348281768515458
152,0.13815782976517343,0.9261501856398243,0.6204639861049741,0.9692222416614787,0.5348091683608215
180,0.01747943605325286,0.23095581259671305,0.13697034328453084,0.24680442138931002,0.5348091683608215
175,0.08071138841995085,0.9715995312282324,0.6221139270389893,0.9863692715490063,0.5348091683608215
254,0.06180997895923346,0.4453305122893203,0.33348743279935633,0.4467810939546324,0.5348091683608215
269,0.025456662695302223,0.9149157689828554,0.8776840105435845,0.6355775115794133,0.5347673067078565
3,0.16709874469136476,0.9659251450546927,0.7484501605865418,0.42424275568105774,0.5347673067078565
331,0.02509040358220538,0.8973453018323602,0.8691778320801833,0.7876950161480915,0.5347673067078565
285,0.15435985314889766,0.6705997345386143,0.4788898899818007,0.5007593653524876,0.5347673067078565
41,0.01525292682361401,0.9066774326088851,0.5043370112864067,0.8650372827431325,0.5347673067078565
366,0.06762937004134106,0.7118090188153372,0.4688954496404705,0.405166536162213,0.5347673067078565
139,0.07462816618966905,0.8899266799426987,0.7026288495882372,0.7994427028829595,0.5347673067078565
123,0.09072463922035867,0.9024123020452149,0.3324464561768462,0.7005436634879092,0.5347673067078565
272,0.13305446489798323,0.57702473445102,0.9344531718611501,0.9548070044360439,0.534761699585239
151,0.11760665471707743,0.5205461374694652,0.7683182179789132,0.8111203778600831,0.534761699585239
324,0.1289685271023997,0.1890232689430552,0.8069584785338879,0.8249503901505452,0.534761699585239
204,0.28050046938467355,0.5307703757771054,0.6571776667621763,0.8622874266887182,0.534761699585239
300,0.1101903209564179,0.5577668224594319,0.9043443530462838,0.9640623835531638,0.534761699585239
179,0.21809972324253735,0.2383769174627649,0.7953784443734421,0.7958427702302193,0.534761699585239
337,0.4322836020753892,0.49344980795501514,0.6003858649922592,0.5602669319502991,0.5347090375517572
116,0.5234759308166796,0.716811998746385,0.8997326571394578,0.789030590438909,0.5347090375517572
459,0.4759311742899758,0.7667182918947125,0.7708652252075164,0.7147645927566448,0.5347090375517572
178,0.45230097098807054,0.5784876622331924,0.7913049012540191,0.7771784997143721,0.5347090375517572
188,0.17482221208178406,0.9653016628878832,0.9307224578530219,0.9769696570458324,0.5344480205927702
194,0.1258172556152053,0.3853189062447696,0.4059544591115376,0.42994250460797656,0.5344480205927702
326,0.3904606339331138,0.6884081738237638,0.7493712386022879,0.7708683171543419,0.5344480205927702
497,0.08687842924331235,0.16568203517530278,0.1506292000497409,0.20702948781590602,0.5344480205927702
162,0.4661929432123959,0.5433854887803337,0.7310499953044927,0.7744249228550536,0.5344480205927702
495,0.7048073051171376,0.9378679778251728,0.9310332718986298,0.9502189064952545,0.5344480205927702
209,0.07732663113613558,0.6468771242917137,0.7185535749650911,0.723488868548037,0.5344480205927702
332,0.34606915779586533,0.4495515152255327,0.43701773113164355,0.4853759328856755,0.5344480205927702
53,0.3641362141290423,0.759592338180661,0.8013563247239662,0.9384491652431135,0.5344480205927702
294,0.4256844685489103,0.6783319428686615,0.7781008683608047,0.9150458956860729,0.5344480205927702
362,0.33316709596455774,0.6327989138667266,0.7814667115092091,0.7993273204350303,0.5344480205927702
221,0.43848069787076016,0.8894324964188383,0.8294234097906004,0.962837780857138,0.5344480205927702
233,0.3428695774282746,0.21293236677460503,0.6752694682210705,0.42702091952215815,0.5340778955104126
156,0.37911987182623375,0.22243082108200463,0.6800903587680395,0.3541900613522134,0.5340778955104126
54,0.5318500601600165,0.438515465157328,0.980445726990264,0.49328177073136814,0.5340778955104126
353,0.6518174644202968,0.11949622922579517,0.8753147922033427,0.27306708851189265,0.5340778955104126
104,0.26856881765499463,0.22028825540513475,0.8287318070398514,0.5845500713311748,0.5340778955104126
318,0.1317581851126941,0.8080792375336365,0.778995969618664,0.1626268776351516,0.5335789882805257
37,0.03630895106343901,0.772983990886607,0.7693044879914712,0.6477683062265415,0.5335789882805257
42,0.1671499099430983,0.9749899913919098,0.9307430469705008,0.6869445505920507,0.5335789882805257
115,0.11464491866581439,0.8599975076348733,0.7817067561876985,0.6228267973511665,0.5335789882805257
440,0.024261568892261054,0.8934163567986093,0.8898705052832768,0.2401162332890262,0.5335789882805257
164,0.29105387513194725,0.9077614508688447,0.8514826582550244,0.6059859507206096,0.5335789882805257
62,0.13679716232172123,0.653985454958004,0.5197608726317304,0.4634678377974968,0.5335789882805257
229,0.17836051519219753,0.6407052941028295,0.5802806520843441,0.43189690646466294,0.5335789882805257
339,0.1161526606245541,0.8697841449716285,0.8401761281687169,0.6420457539331879,0.5335789882805257
242,0.17963348898872922,0.5274321093229363,0.8954135575102165,0.7295042357027132,0.5333806208597154
270,0.6214440662885037,0.49359624787194645,0.8530637977769071,0.4035757203217909,0.5326221205265186
29,0.42842586672048955,0.5199298280455548,0.6243946110572771,0.41640385380717226,0.5326221205265186
169,0.7707765698241683,0.5598962944515501,0.9808871701904496,0.6440525308000675,0.5326221205265186
100,0.47597813529470856,0.614743194229562,0.8026362521171494,0.4647076836988636,0.5326221205265186
239,0.8198456664187183,0.5710817434404825,0.9060851440906692,0.5951594022068567,0.5326221205265186
311,0.7727933284942345,0.49520054201911556,0.9635824438250201,0.5657702709417651,0.5326221205265186
223,0.5478823685919525,0.5727511745045758,0.8185942424940882,0.6687888867523494,0.5326221205265186
11,0.47360781134728314,0.7186519352584434,0.8020634768142283,0.10976619817560773,0.5321927415136715
473,0.26042940948391136,0.7100914082303283,0.8258087892010726,0.1172341298722096,0.5321927415136715
177,0.2672593541844692,0.6108888546783379,0.6635508389028884,0.12434255571355013,0.5321927415136715
465,0.321597988707906,0.9116586336036911,0.939016770664377,0.19453630326607807,0.5321927415136715
488,0.6674542410944762,0.8369892980937859,0.8737921038625648,0.1486971085379336,0.5321927415136715
118,0.18521414712657336,0.7865943208505694,0.3890357182280426,0.7154891337109021,0.5321450599573002
168,0.1002886287974506,0.616861653029613,0.44833911722261754,0.5683764356718469,0.5321450599573002
438,0.17009284418750537,0.9663240161095611,0.4376755071001234,0.8432548560866429,0.5321450599573002
439,0.19821728694652185,0.8391659224426696,0.5939008272284851,0.8284574360017408,0.5321450599573002
185,0.29865220299779005,0.31536575306137404,0.8448696129490666,0.6958876076775222,0.5313308819207316
327,0.39035296371278794,0.4131563133608872,0.8643210518236537,0.7064613323817851,0.5313308819207316
280,0.22140856198649383,0.3581365091013733,0.859933855103271,0.6800227201760143,0.5313308819207316
308,0.3749166892692235,0.2790922720475194,0.6765860080626747,0.5735902460206197,0.5313308819207316
370,0.4128429606857583,0.6760593312594387,0.5625579471114408,0.6562169611535361,0.5309123625909855
343,0.3791039753684259,0.8077860582727265,0.6144657923663724,0.7408839052198716,0.5309123625909855
155,0.4729254212726699,0.877571068615247,0.5589945880793702,0.8632156411342969,0.5309123625909855
344,0.43049837825432125,0.6574864317761994,0.6417316148679055,0.5511684246005142,0.5309123625909855
166,0.35264422781133253,0.9126111597019546,0.582562217434775,0.755635537288753,0.5309123625909855
110,0.26937333190979673,0.8913715447516561,0.6562662705552504,0.7730281256667536,0.5309123625909855
18,0.2635261439220551,0.8300805762625659,0.5784993232869018,0.6045240737373466,0.5309123625909855
26,0.16106368406016613,0.6566152020818431,0.6031873548650774,0.6451437085334777,0.5309123625909855
483,0.6054765497779675,0.9952424812679799,0.7159120326282035,0.9856764366879557,0.5309123625909855
10,0.2486407412957381,0.7914897330585993,0.6073191460948518,0.6392644138367254,0.5309123625909855
466,0.035259717635781285,0.19057015840394864,0.17100937037956288,0.1791794859431055,0.5309123625909855
302,0.851060613130501,0.28663359825917734,0.9721700900217632,0.12443752481553594,0.5305763073377892
83,0.647015138842089,0.4880769587274668,0.7890696227585229,0.1658007465638297,0.5305763073377892
375,0.963753264352035,0.5119556252314952,0.9672632774512638,0.20837003912363727,0.5305763073377892
214,0.7704401949396433,0.650831372549498,0.826474842354988,0.1400595228918463,0.5305763073377892
349,0.14428611003207492,0.5899052583809475,0.19580774613043517,0.4090476410406976,0.530286923399659
232,0.361115557995482,0.9605385158977949,0.3950754780610135,0.5902161141486929,0.530286923399659
348,0.17154553292371155,0.12520418867292804,0.3401867999748318,0.6197964449170194,0.5296248419079304
443,0.2722786152459594,0.15305105078267678,0.40670574311917485,0.7409205381468398,0.5296248419079304
474,0.329339141443185,0.22786548368773762,0.4226140218226455,0.9653183447987865,0.5296248419079304
170,0.22482118957485364,0.17505414070117842,0.44075781208368126,0.7712910659872483,0.5296248419079304
340,0.12261441181050226,0.4954263087512504,0.31009946313230274,0.9203296386082687,0.5296248419079304
409,0.03585619870608803,0.1523069475641583,0.7040261810470523,0.8715886678961733,0.5296248419079304
384,0.1535325183915972,0.13577903748906495,0.0631733142195583,0.28991375005486564,0.5296248419079304
192,0.20094682369215378,0.07819246810270708,0.7510384681239963,0.9657511982120296,0.5296248419079304
256,0.15990729343604415,0.7282430843127872,0.071977329440297,0.919050617599352,0.5296248419079304
17,0.40388475013695735,0.2362368501981369,0.3506049093014373,0.741709038283726,0.5291383580726341
92,0.4268798241079189,0.0770470902121112,0.5755512184036533,0.9936153118687518,0.5291383580726341
19,0.4993688141467407,0.43457283524146173,0.19939080516936492,0.8079324503440095,0.5290930282430272
320,0.5140039899280745,0.401554969329445,0.14143882945251285,0.7839458571598232,0.5290930282430272
281,0.374991391249458,0.7864896948819284,0.18883499032474538,0.9759408364750526,0.5290930282430272
382,0.6103194597349022,0.48400797982142085,0.27277242771290267,0.9154646171828619,0.5290930282430272
395,0.5591275023676685,0.5577381427612963,0.34046604537395286,0.9563035750699495,0.5290930282430272
93,0.2600676338081013,0.5961369069980109,0.4584907632420617,0.26036765929805317,0.5290592692015016
359,0.09972008985918723,0.4835353020330183,0.44690210584256207,0.0972887226193504,0.5290592692015016
88,0.3886289751923536,0.8998756309765547,0.6033244938320351,0.38784199033123956,0.5290592692015016
287,0.18312729125563465,0.6003000278298043,0.4685720010754397,0.16728585398337648,0.5290592692015016
97,0.7250788855904813,0.2807397664321982,0.27106627149705564,0.9782627721945627,0.5285688502292265
253,0.7577068136784465,0.34159415556924466,0.4276153015229771,0.9998851204049647,0.5285688502292265
283,0.46517216604502143,0.2657017376761648,0.2932101308586942,0.572332830943599,0.5285688502292265
150,0.8523579605774683,0.13130489627981412,0.1278069852921334,0.878376875791426,0.5285688502292265
76,0.09999885692759658,0.20326523538584662,0.6916933003086778,0.8906697717735007,0.5284177008278582
20,0.199546956277885,0.43931012060243235,0.5168831103761766,0.9437360147161893,0.5284177008278582
378,0.2040127976730327,0.5442778463475885,0.42617457504048917,0.7857408056330549,0.5284177008278582
167,0.24925180355708532,0.4207522604014411,0.5314590490845464,0.9497126439522382,0.5284177008278582
125,0.1333137402318909,0.27641522590535017,0.3394146253639999,0.5256442998155936,0.5284177008278582
412,0.2323321284306873,0.029915207977400327,0.23373418541417978,0.16662908193683812,0.5282706254962438
101,0.6319130375597685,0.11565880787896321,0.6964755956625485,0.5794148014010683,0.5282706254962438
452,0.3192689156237726,0.5990755683543545,0.5221053937335016,0.8929014768217333,0.528029764452437
1,0.19124437646549763,0.7971475075765874,0.1901506974627668,0.9827753197859127,0.528029764452437
224,0.07108251416115652,0.057529351825826414,0.22792503676886278,0.2673744652706528,0.5280224482850319
119,0.3520059073566296,0.40825767657060885,0.7179919315342621,0.8220020633398416,0.5280224482850319
336,0.3169095440073342,0.24233964831050736,0.5286713419647042,0.7271858153659534,0.5280224482850319
5,0.40283229501627105,0.5387807645163837,0.6331133100054841,0.9565029372682071,0.5280224482850319
16,0.3016668340431229,0.31923545859693037,0.7328907581182527,0.8200429857238575,0.5280224482850319
126,0.5447536513006391,0.49700629713289546,0.5539213375478955,0.1904879850746597,0.5279613191023919
475,0.5407340906378058,0.44877677269194294,0.638698154174422,0.22813697770237684,0.5279613191023919
485,0.7519743586200838,0.6115063507754978,0.8281814548333287,0.4348262095703078,0.5279613191023919
430,0.8979959520230388,0.8105192677837706,0.9170826098557847,0.27354209720609834,0.5279613191023919
84,0.5126601298656261,0.46249507854758165,0.6822781025471037,0.2675979972580541,0.5279613191023919
231,0.8136865166998639,0.7689944159813156,0.8141034935267373,0.5396869431946997,0.5279613191023919
267,0.43551830440356665,0.3630472111594588,0.5494258448304643,0.19260958885901547,0.5279613191023919
364,0.6235042675399073,0.5475112400653457,0.733381799010824,0.41910170062337293,0.5279613191023919
79,0.811765209494376,0.7039731988590328,0.9659184711035336,0.27440968267366195,0.5279613191023919
388,0.5399410178619352,0.5389654645406748,0.6509157174333549,0.22788529042150085,0.5279613191023919
328,0.5882373793971409,0.07027331862475128,0.11160259025512109,0.7868000741076568,0.5278040789126571
418,0.1584221635598404,0.14667497927326212,0.07459203934455305,0.9046869869732255,0.5278040789126571
385,0.617634964022761,0.06691513770268809,0.03376141499710028,0.8598102621459776,0.5278040789126571
82,0.191951839115439,0.458509016204242,0.25301625283039575,0.944132668618097,0.5278040789126571
217,0.027286376443096616,0.5367980536150756,0.1554265700703943,0.9011797836318302,0.5278040789126571
216,0.3089613786135226,0.047381730642869324,0.014433388973134953,0.5057836232267376,0.5278040789126571
447,0.23176261846170199,0.21182123773941441,0.17435098653433356,0.8111182406890762,0.5278040789126571
291,0.06204577431821601,0.1985789381978561,0.27231074503711283,0.861041752588733,0.5278040789126571
206,0.12471471249930288,0.14538968553543496,0.21386987992986684,0.9223661838186942,0.5278040789126571
400,0.6676516225687917,0.1598725607305016,0.006808373572735227,0.9919968744735228,0.5278040789126571
404,0.5368820504464572,0.2545607097149203,0.0025846978742293247,0.8925237714668778,0.5278040789126571
458,0.4083316480310346,0.23479154192493257,0.15998587880152682,0.9240279465382044,0.5278040789126571
427,0.39377821531679813,0.049853051637018364,0.12861150731253157,0.8189120517300998,0.5278040789126571
197,0.012732960840857288,0.14582011093731806,0.6877724387692797,0.8473222806770757,0.5278040789126571
306,0.006078088368879686,0.5232715985385759,0.12372857962453532,0.9494524338427667,0.5278040789126571
45,0.24449993706223905,0.9204868473552551,0.18980721921331534,0.8173881670493557,0.5276159332648597
159,0.5438170854373521,0.9389326504132444,0.3178589402851003,0.6410490044598346,0.5276159332648597
415,0.4272089411386384,0.9963394581084852,0.509972700725675,0.6218071697727621,0.5276159332648597
140,0.22223790558544732,0.6904912294982596,0.2124702819941766,0.5693353165891006,0.5276159332648597
70,0.5796197212587912,0.5868598107434706,0.6588453791596739,0.8466008550459391,0.527597555228443
137,0.7954528116115361,0.7758204158198838,0.9187464700414122,0.9784501627454145,0.527597555228443
23,0.6500481851927068,0.5612564812398173,0.5598023386672586,0.9292117772224113,0.527597555228443
226,0.7083582298867036,0.650285978912334,0.6648311375778292,0.9250536506610479,0.527597555228443
486,0.4687436833084543,0.5752734119470507,0.6944418548296983,0.9014265329584983,0.527597555228443
284,0.6216231740528197,0.4505527603661992,0.6921586123046463,0.9668906113577037,0.527597555228443
322,0.7773918051739594,0.7881204271477115,0.6542636350536167,0.9977576510151478,0.527597555228443
462,0.43424532368848434,0.5564684415632644,0.5470799961199482,0.8547336953939868,0.527597555228443
7,0.28273420701918694,0.27832365470222675,0.30883198072435125,0.47588033255853646,0.527597555228443
292,0.49467096224603024,0.11853374046038156,0.6403376217320436,0.8222726761458994,0.5273535793343145
25,0.4076342839178213,0.11816874482133899,0.6873010049646341,0.8828008124202865,0.5273535793343145
268,0.3452250724654813,0.008756195731215777,0.37676759142513583,0.24971505407257422,0.5268824990476637
48,0.5232987916346019,0.05323852423918707,0.6202008387105352,0.16224707436793073,0.5268824990476637
240,0.5062281343681777,0.19880338891334726,0.9418207036381802,0.6642896107422975,0.5268824990476637
57,0.1096185666592766,0.006684664199111845,0.6124936519737426,0.5154466454731951,0.5268824990476637
492,0.6421486583890802,0.08771616864003862,0.7719749429552978,0.3872864602939321,0.5268824990476637
142,0.7634805436921289,0.015136012500262863,0.7866061580469682,0.47646515257263733,0.5268824990476637
419,0.6543369098184807,0.1703450190892093,0.9398742613920605,0.5005951518640469,0.5268824990476637
165,0.7558563367633369,0.03767963520869311,0.8960050945386149,0.6768819661747645,0.5268824990476637
434,0.8209147433712659,0.038793588624153164,0.9948182313592452,0.307788093437245,0.5268824990476637
405,0.5424267963553393,0.009699991378965156,0.645346730632431,0.4080634901514806,0.5268824990476637
413,0.6835042688514775,0.9541397056517141,0.8422388965655466,0.1662828949424504,0.5268398892561794
75,0.5607100247726962,0.9390649941015562,0.8568398244940356,0.260266600011242,0.5268398892561794
35,0.3147544209071703,0.58483359424186,0.5051958498103074,0.1374556683200312,0.5268398892561794
464,0.3596985952242323,0.9588224210468684,0.789080229520446,0.17683717722253034,0.5268398892561794
397,0.8243741035543384,0.12545357540762425,0.5181322854088615,0.8634545576001746,0.5267891072210523
470,0.9281902643501824,0.19687132495039883,0.7421343067197396,0.9617020492145982,0.5267891072210523
143,0.31236349537454156,0.09095107940956626,0.17579209262230533,0.3320262592905371,0.5267891072210523
408,0.5688144538516162,0.8331325532649702,0.5528707794276503,0.6378097195587871,0.5263416511983157
476,0.4512590923169214,0.7958474863979947,0.5686900796739599,0.4111771669421119,0.5263416511983157
136,0.17240716115581578,0.27974043759444156,0.16064287071023042,0.20777494052206735,0.5263416511983157
85,0.7948166860009568,0.985280701894917,0.7218240370190475,0.8236027513012075,0.5263416511983157
12,0.5818118466609695,0.21068842614612981,0.6829131226766278,0.8820518201560014,0.5259375390671205
47,0.6393767248252573,0.525165290177245,0.8038737531412218,0.7246335091513864,0.5255897978730762
496,0.4491985214685036,0.18931909051657936,0.4937887567732453,0.3136818010276551,0.5255897978730762
477,0.4681597612072427,0.4045431115973527,0.6480498067765379,0.6030411755315046,0.5255897978730762
0,0.4987953471645664,0.37526360704498163,0.8165279805902467,0.761356014711256,0.5255897978730762
201,0.7135430466015148,0.47164070831986604,0.9633613502134933,0.724512935031564,0.5255897978730762
445,0.7220323349571834,0.16363588908124016,0.8722207751639109,0.7180235074968584,0.5255897978730762
212,0.6390700869591576,0.30814796420213186,0.6837173714074752,0.5833561250839066,0.5255897978730762
323,0.5970799636114613,0.3909745980438325,0.880516043508686,0.9658081106175527,0.5255172562870732
198,0.7076810951571861,0.4267912531738782,0.7838337734174872,0.9456794055637558,0.5255172562870732
163,0.739142914366641,0.610033346704994,0.8406760783033412,0.8823813483649872,0.5255172562870732
314,0.6079675298996995,0.45066730750970363,0.8987611484831537,0.987239804140756,0.5255172562870732
451,0.879096914256721,0.5387764970561653,0.6126297942783656,0.928549350854791,0.5255172562870732
303,0.6911519826686569,0.23966515187906,0.567183245545784,0.797705567130142,0.5255172562870732
428,0.45073830117326175,0.2867384009035683,0.6172411406142027,0.6347586033456507,0.5255172562870732
307,0.6876290123820841,0.7694656694234696,0.030187069968745428,0.8425123088695301,0.5246374115360232
437,0.47458902779886714,0.6148670734170775,0.11105603508963313,0.963538184017655,0.5246374115360232
87,0.2077636304174063,0.40573719027552224,0.029906541695755684,0.5429535812511325,0.5246374115360232
50,0.43512218341375397,0.16751397182610284,0.012128456264961729,0.47878080363428055,0.5246374115360232
154,0.8191709634601023,0.6181557736248375,0.12888199931153732,0.9653977360685366,0.5246374115360232
172,0.3521993032590256,0.2666405680975885,0.8362706453475066,0.754236018388955,0.524221001140145
381,0.9171017654374125,0.9426732980663303,0.629995486791679,0.3447124447883506,0.5242084704759087
74,0.740488180637894,0.843749068079622,0.7997841636619786,0.4441787274758552,0.5242084704759087
393,0.7656825261288301,0.8779515508403334,0.7890824257337302,0.3758370496359501,0.5242084704759087
286,0.7356410294494283,0.6632451793544138,0.5699101108048102,0.3211241056777222,0.5237454825605703
467,0.9204344205249101,0.8584557592387918,0.755571373165675,0.23478023378878343,0.5237454825605703
133,0.47907138671526095,0.5847515286232247,0.2501888570704721,0.7799822635572632,0.5235665090965659
402,0.6690858291498067,0.9659796806950323,0.28460408006950033,0.9955197005150593,0.5235665090965659
481,0.04631219697046296,0.958614641281224,0.8107276948589971,0.14667445603742724,0.5229997278712066
350,0.07815408745503094,0.7363442873160676,0.6066103013808873,0.11507521591069969,0.5229997278712066
347,0.30146992438049514,0.9634661349513236,0.12861652845862515,0.5790334835451055,0.5229997278712066
374,0.37011104480395973,0.9517527332149481,0.38098681088081054,0.2150817725340659,0.5229997278712066
290,0.15166906256134904,0.5949782465316849,0.3874406170615916,0.14929290246788962,0.5229997278712066
313,0.09747179376064807,0.722949697800497,0.48226050197605663,0.23939461647580818,0.5229997278712066
44,0.2177646292799975,0.7810774786250759,0.4270967573392822,0.2716315841282456,0.5229997278712066
107,0.624167443369361,0.820491214418554,0.09905207900214053,0.10648718699728532,0.5229997278712066
274,0.31722243336192235,0.867455141214035,0.3651273137653196,0.4723837689932915,0.5229997278712066
391,0.6533021197467725,0.9647962126411189,0.2514408929534141,0.1272138768259775,0.5229997278712066
129,0.21289827065195244,0.5098828371875601,0.2537272223999092,0.0858199892367667,0.5229997278712066
411,0.6862135982717713,0.6363169721428331,0.4661429600623699,0.7627742028107152,0.5229262660040802
144,0.7823026764847204,0.5920974810943878,0.47679807832385324,0.8431841256588339,0.5229262660040802
208,0.7202794765551835,0.7791089833754651,0.3866128116289559,0.8032601355240404,0.5229262660040802
276,0.3942082367138352,0.3872030806736192,0.21690809016769907,0.5145796874625373,0.5229262660040802
288,0.683001500751871,0.7518697128456577,0.40783134194750714,0.7682678962069263,0.5229262660040802
56,0.6527226706486546,0.6307480147311978,0.19363992348227155,0.784464484590593,0.5229262660040802
200,0.7444395292530228,0.8362870040472864,0.15689241031553636,0.09049073120015516,0.521711442070136
279,0.5842848465040373,0.9474398963925411,0.4001723236245195,0.3025138044241974,0.521711442070136
298,0.8593154806557102,0.6437432845070574,0.8097756848140308,0.7253654440762501,0.5213795289373885
28,0.9455391848005016,0.39880096558633193,0.7230980432306402,0.8306257186870866,0.5213795289373885
260,0.8216169823526913,0.33826849945142734,0.6591084647306671,0.639606406027025,0.5213795289373885
365,0.9161901011232928,0.48473350061935205,0.6201702962850832,0.9119889589236684,0.5213795289373885
380,0.6892734699376978,0.24898648485860309,0.5596286366419277,0.46825733970862704,0.5213795289373885
423,0.6303358095383246,0.3337090173913849,0.5149951291755532,0.5829615269992737,0.5213795289373885
190,0.49355316683926154,0.3698387749042813,0.4689993860180648,0.47691013650959013,0.5213795289373885
174,0.6661332078049707,0.20663055880873005,0.6490698868010523,0.5822853516304879,0.5213795289373885
425,0.375652236446819,0.6871765896741551,0.17261561288535898,0.6836845057745763,0.5205141588949392
295,0.5266588458946824,0.9832814655838131,0.2807711027341362,0.89046520525797,0.5205141588949392
222,0.5816807419475933,0.9113645950107826,0.09159110439320373,0.8625986729202857,0.5205141588949392
387,0.578738861412135,0.9377525370260541,0.27911473939615095,0.7244021299657684,0.5205141588949392
490,0.3781760038420531,0.7728460653161179,0.11280380445517169,0.4889482787237246,0.5201453798573988
360,0.4582392308077903,0.865218228192789,0.34930861854133344,0.5118598433342797,0.5201453798573988
426,0.28932332204610645,0.9865059526687958,0.11286775847683816,0.7010504602954586,0.5201453798573988
81,0.6522503304378167,0.9776549082218042,0.0775349074080598,0.33009024378436125,0.5201453798573988
301,0.28793770669894825,0.727672233398718,0.16618436439074213,0.47176937629187043,0.5201453798573988
325,0.33657996871042806,0.5820143609246333,0.10765550209011887,0.3488161868165325,0.5201453798573988
390,0.2547169730500636,0.5715245221099515,0.20238593369355995,0.3546234049404843,0.5201453798573988
195,0.8679556102492513,0.9590803107813121,0.8331320152663986,0.026179281023791967,0.5197085123444753
491,0.8005292939115852,0.8716873525425873,0.687548530326328,0.0600473011162066,0.5197085123444753
346,0.7540994349208132,0.9672428524668314,0.5199237184743875,0.14842594221662075,0.5197085123444753
479,0.699087913765159,0.8137478923859925,0.5790727413651368,0.019473924464328607,0.5197085123444753
128,0.5045316674144312,0.819549511953987,0.5245857528251575,0.04278799541276146,0.5197085123444753
463,0.6083646678172541,0.7519597396613803,0.5328232648599674,0.09351671760925773,0.5197085123444753
478,0.5742745927030626,0.6652855600662474,0.19423620451648627,0.5177363669217461,0.5190919936457542
469,0.9593908349199218,0.9900489808784734,0.44759655681442856,0.7461122432547962,0.5190919936457542
442,0.8051840580179814,0.9796584377406254,0.4583185183944729,0.8754193261161595,0.5190919936457542
499,0.6894126223464699,0.8404567317926421,0.43472738202863104,0.6095346361018075,0.5190919936457542
145,0.4193094773836573,0.44564521657694145,0.2218173614166995,0.2696857434046126,0.5190919936457542
46,0.6888892126742896,0.8475988091955556,0.4371607300457173,0.6405111335516733,0.5190919936457542
189,0.7316660668161075,0.9548554782366792,0.4090299575855336,0.7551385951402789,0.5190919936457542
218,0.5527702978955712,0.7165362136958171,0.2766002550395147,0.5099582748489406,0.5190919936457542
98,0.5759162511958957,0.7175053947399601,0.4629498775456742,0.6938033895742591,0.5190919936457542
171,0.9204470791996471,0.9789499819840402,0.4458453431658277,0.6562262074650841,0.5190919936457542
66,0.602215459174605,0.9490470502105516,0.36404628952649154,0.8352170412034989,0.5190919936457542
396,0.8859571814676848,0.9745307733296468,0.33753073842132475,0.2784559195297308,0.5187980289567957
96,0.6251167660451856,0.8416595459850504,0.22836255584328902,0.3842391272334652,0.5187980289567957
446,0.4691125344872943,0.6428515422748996,0.24482471536404637,0.367533364210201,0.5187980289567957
14,0.474958684297367,0.4747052163955745,0.08818186868768141,0.43194443738233856,0.5186491715080609
356,0.9298451686811875,0.9215360332795118,0.2639901888478269,0.8991426947297031,0.5186491715080609
33,0.8268856375401481,0.7085614483784891,0.11962990011806596,0.7854245382056532,0.5186491715080609
34,0.5530049307477612,0.4047037741988332,0.27897569013095447,0.5229337832121456,0.5186491715080609
89,0.6595107391138585,0.4798546391722961,0.2653962177469745,0.6489009538934846,0.5186491715080609
9,0.44455611233959225,0.4291394744020167,0.21374246218874804,0.24615292137361544,0.5186491715080609
193,0.9425621509442689,0.030617854341787654,0.08747491608916158,0.9337270803346567,0.5182982332610333
120,0.8162563675483694,0.08093227467275554,0.3280671838963529,0.7843516859754289,0.5182982332610333
234,0.9985356539836153,0.23703076843852822,0.44333551177068553,0.8432918672039653,0.5182982332610333
80,0.8477603274100979,0.3353532579707891,0.4593769734112868,0.8246362714980254,0.5182982332610333
262,0.4097903444698352,0.11231625119159183,0.28371261346930876,0.3425447485685057,0.5182982332610333
456,0.6443127552964655,0.15107640952965606,0.3837639473576412,0.6273605959421074,0.5182982332610333
354,0.9824400284528402,0.15465003045965353,0.6421284489907109,0.8557290972206885,0.5182982332610333
2,0.7334219967757937,0.6847284204539079,0.2346397236855009,0.09906619636952885,0.5175495424156786
15,0.9526742443526182,0.9112024214898847,0.6789528610896398,0.05015629293733859,0.5175495424156786
263,0.8559314911692547,0.9869113173584809,0.497631156898912,0.2868595950715268,0.5169047087972588
176,0.8194331294196678,0.8411026814719335,0.580831687212308,0.029842153041627406,0.5169047087972588
103,0.8427160795411147,0.49402977259813974,0.6660728555072685,0.4234529796889549,0.5166067846846935
333,0.8909948476486965,0.6672890185917912,0.834615048226727,0.6557101999753658,0.5166067846846935
39,0.9336959956578634,0.6488601900515624,0.5102364220022231,0.7427473196105894,0.5166067846846935
191,0.937364144264683,0.6974429348247007,0.7493520132304134,0.8228925058450967,0.5166067846846935
454,0.8733915827943389,0.6000120256015444,0.5442315882324117,0.5068558299518028,0.5166067846846935
121,0.9846911894416684,0.7060411439770246,0.6579254305791064,0.5768822807156827,0.5166067846846935
369,0.8737768922607799,0.5747306000296781,0.6442828808215915,0.525788378735926,0.5166067846846935
484,0.3611881770892751,0.5143314497325313,0.00057960628987197,0.10851992238728447,0.5158053612226877
310,0.20882656785445852,0.718776885681108,0.0609984660809435,0.40268641476789646,0.5158053612226877
4,0.020050753918943287,0.9767245746928752,0.022592205394430853,0.5514101673784885,0.5158053612226877
241,0.3297765842613458,0.9804021296509837,0.21205075014296626,0.32197462106970653,0.5158053612226877
441,0.5567271719247262,0.7108694013581751,0.0084682673414882,0.010021164962047524,0.5158053612226877
480,0.6149183159679987,0.9822070697581317,0.007209160901610612,0.27045247255254434,0.5158053612226877
211,0.08954622998410011,0.923826061546686,0.0015217466899647425,0.06163864492507298,0.5158053612226877
315,0.09862992730090381,0.9368646775716675,0.4625423343370164,0.23306038214699187,0.5158053612226877
124,0.0195150906494993,0.4567188023478772,0.15908718564101376,0.23907437765947714,0.5158053612226877
278,0.5046479076318356,0.9752379448272038,0.4045729396173888,0.0028447164633469413,0.5158053612226877
131,0.4451287440755425,0.7940700582293445,0.04628016507032062,0.14185491681272633,0.5158053612226877
61,0.0503208663572291,0.8349014010759352,0.036948377922268905,0.26873277170280085,0.5158053612226877
352,0.6316794140659122,0.9951264618420212,0.035523855599402965,0.2769336553155992,0.5158053612226877
58,0.3431706437438268,0.8097109255976299,0.3380449263745713,0.12746582616323354,0.5158053612226877
468,0.09953913908224732,0.6607426131386569,0.36256863550131124,0.16310988702293905,0.5158053612226877
31,0.9104631259464044,0.6244787018886637,0.16912940045346325,0.8738602311262137,0.5154932669631039
358,0.8839810431770826,0.48507254003840083,0.24459059921927895,0.6968666238360214,0.5154932669631039
487,0.8357036028923094,0.35789714528183114,0.14340104557979372,0.7993657883893753,0.5154932669631039
6,0.9171378280487471,0.48279647463358333,0.10437230360197236,0.8738376011032735,0.5154932669631039
205,0.6378446848940593,0.4299926558511802,0.19217691846819696,0.49859459477774226,0.5154932669631039
277,0.518242003676493,0.37040594650320835,0.06781797865534633,0.48429459177661405,0.5154932669631039
135,0.572123781223032,0.5044570185629229,0.04428853457929527,0.5473347001089902,0.5154932669631039
247,0.9635908565870214,0.4848237163417213,0.15460369625557246,0.9248160894303427,0.5154932669631039
157,0.9180547528860381,0.5693301239314404,0.3097801190322297,0.8296608438734955,0.5154932669631039
72,0.5861687750904847,0.24690069947142335,0.12186070533380977,0.5491094946940354,0.5154932669631039
432,0.7909521635621943,0.3799525811160773,0.6665112616368642,0.2419257905142278,0.5137545779309333
275,0.5897969145384389,0.2532337081845596,0.286569847781005,0.3861414527692474,0.5135962369547207
422,0.4549407754912327,0.19245551546903994,0.12707257590037435,0.3617589159262551,0.5135962369547207
161,0.8137774151002978,0.3974134459315606,0.25826212407750804,0.6132828284419886,0.5135962369547207
335,0.40218178448195596,0.7089935759938192,0.10857213405174204,0.5738102049148686,0.5129016734791169
183,0.43407033698872344,0.5069121985988008,0.012934882737922093,0.22423588652254056,0.5129016734791169
182,0.38385714882247457,0.8323163082012798,0.05405550112631019,0.5696863676772506,0.5129016734791169
372,0.5148642291115276,0.9659497492710901,0.07637224328215231,0.7676508196743533,0.5129016734791169
132,0.6292001202341825,0.9335444300780591,0.025323017355248667,0.522223356490983,0.5129016734791169
431,0.6964542905328349,0.8026894830989276,0.0993602929074554,0.39511171075593987,0.5129016734791169
95,0.13409066104993173,0.7981993907044047,0.024915746701433372,0.7689366015221517,0.5129016734791169
244,0.6894701219814423,0.8936996256620128,0.014572179191752133,0.3942367122481357,0.5129016734791169
482,0.2492542790663469,0.9604356873169131,0.004513183617023797,0.8902203251350014,0.5129016734791169
410,0.7412298739889482,0.9733458125621814,0.08790133626160412,0.4312075751579012,0.5129016734791169
146,0.5896574862556777,0.555236791088309,0.09440719076807347,0.4246698136395607,0.5126683066109845
69,0.9629864442568,0.8957410320896696,0.14717079470479655,0.5486228250075726,0.5126683066109845
414,0.8719775896936957,0.8181993989015244,0.1691294167146874,0.6079672917076057,0.5126683066109845
55,0.4592399916056278,0.45330904842557196,0.22146297352307653,0.22926878911038273,0.5126683066109845
334,0.8463762136503696,0.8009859632014864,0.0542782466684083,0.22013559452622034,0.5126683066109845
250,0.7237040343710611,0.6974498839692725,0.1471854307995989,0.20303873869327194,0.5126683066109845
407,0.8116801211716268,0.7910945313973572,0.20260036755892297,0.3773397438702064,0.5126683066109845
236,0.8032380168042356,0.8338582079184423,0.29657574444652335,0.4092705288125741,0.5113850062969039
309,0.822857875520779,0.8348346738806943,0.11870609672125598,0.4176188503303363,0.5113850062969039
403,0.757510866535016,0.8652741615477672,0.29247322218532235,0.5046341818959185,0.5113850062969039
38,0.6863215928416427,0.6924431301482266,0.2204175530294339,0.32246661317121517,0.5113850062969039
472,0.6920822537801904,0.7360837746667834,0.2728816292229538,0.37605489055579466,0.5113850062969039
73,0.7371833823240228,0.7562626942867231,0.11317250782445298,0.1921278400812353,0.5113850062969039
22,0.7066611974513141,0.04606112263783246,0.6940005900744284,0.5456948616004363,0.5113645448172534
297,0.7651396422898695,0.175826724829792,0.694173951037269,0.2917903788661933,0.5113645448172534
36,0.8944195650099372,0.1887966553889523,0.8770289631987296,0.2823320419363401,0.5113645448172534
65,0.8422343530872776,0.2608365019780353,0.8236503674473347,0.5744857020981325,0.5113645448172534
460,0.6877477101757777,0.2957036705415609,0.6469058733541648,0.3564896155591821,0.5113645448172534
248,0.9497115495257463,0.19667074948348884,0.8727976363842473,0.6648041822938047,0.5113645448172534
341,0.5878123665082063,0.5169826772640238,0.23703516501512234,0.17107395762628264,0.5103647910880554
134,0.8424436231602112,0.475017950648955,0.40654484310209826,0.4336790908620791,0.5103647910880554
52,0.2431476072025519,0.19549535677483032,0.10651775199488822,0.09194632231964328,0.5103647910880554
60,0.7019054493303641,0.5129083441979083,0.17510624422707077,0.5061555012653489,0.5092757607272165
258,0.7525014363015647,0.5009820238365652,0.13831430158890523,0.42035877725631976,0.5092757607272165
316,0.6600990310056504,0.5732731345870378,0.07022517491833791,0.34255776772799384,0.5092757607272165
90,0.7459751898018444,0.25123440942004516,6.545601007323931e-05,0.7302620632599848,0.5092757607272165
461,0.7728381577770407,0.68432602266744,0.06961239014685672,0.5521895170050549,0.5092757607272165
251,0.9152943327968504,0.34517949930760916,0.043340915440415406,0.7608727986460402,0.5092757607272165
106,0.7060350259750672,0.48222142770410736,0.0651266889844776,0.45767956098290763,0.5092757607272165
273,0.825484828221514,0.04157048393483709,0.16585727085175317,0.7349162249171398,0.5082253913032944
71,0.9373178627396016,0.1361238870510525,0.5863062190638717,0.717667385954718,0.5082253913032944
394,0.8712883455200706,0.06626985390367002,0.7042246043691067,0.26413468810892815,0.5082253913032944
219,0.9718340683163452,0.19220680067483298,0.48718396438471057,0.7342188608064002,0.5082253913032944
436,0.8284400531248794,0.0315243638402708,0.4482943290990634,0.5490761047217168,0.5082253913032944
49,0.8792846529505025,0.0633901680364859,0.8158338818193036,0.5992361864952969,0.5082253913032944
498,0.8480848843170136,0.01719048245896515,0.5626224987650335,0.4021088531960131,0.5082253913032944
355,0.5671816996973682,0.008856364443439402,0.45575119394777264,0.2942242862783194,0.5082253913032944
494,0.42312197026294196,0.06170441617947553,0.3567384351903161,0.1399282848760971,0.5082253913032944
40,0.9816275786510008,0.680998656748324,0.6987524214229299,0.18685188270212894,0.5075163133949951
424,0.4430501965003282,0.3361525904969115,0.2839982567687722,0.08689011555610116,0.5075163133949951
122,0.9891208501146367,0.6200587368323786,0.5774703983412849,0.11974654020308362,0.5075163133949951
213,0.77012948548268,0.48969763363858565,0.5180524769033125,0.043936388890502553,0.5075163133949951
111,0.6962624354164519,0.44034716944085295,0.4760443704578078,0.05511103725426836,0.5075163133949951
433,0.8101265646889972,0.4268099736273395,0.6787724563460287,0.018076969279856803,0.5075163133949951
245,0.9152046657706147,0.46164096434311996,0.2623729757293969,0.4857979157822765,0.5071171051270945
43,0.8208268777315398,0.414600346758489,0.04556538415939149,0.4149919290242119,0.5071171051270945
68,0.7282747985510577,0.4569151208152451,0.05787391921429885,0.32682121644522977,0.5071171051270945
210,0.9568684418512058,0.3222311295564001,0.8726736199008303,0.30601889788523995,0.5063914328122844
383,0.8324977375855307,0.1690154870764109,0.7498127182547493,0.2458955137494525,0.5063914328122844
181,0.7301548442231627,0.2565314184810018,0.56463328256627,0.18999911329486863,0.5063914328122844
238,0.8369239260654838,0.6964991150941962,0.14570593219490047,0.11382624742986769,0.5000905689588233
113,0.9145738748063071,0.5326136635207709,0.4292091833566416,0.06022170949117567,0.5000905689588233
114,0.8120185502830884,0.40299803196741135,0.43966208811067087,0.04510212059575458,0.5000905689588233
259,0.5704812463757264,0.3423841294021749,0.2823580264754554,0.14751749346109433,0.5000905689588233
493,0.7799595013608047,0.4065901064513259,0.36174637100004414,0.2088677961401454,0.49679647902602797
329,0.6450069693991209,0.18403265330899654,0.18383251034727766,0.38623376154368083,0.49679647902602797
63,0.8281898247715955,0.25800184636489343,0.30688860618470304,0.2697178404947952,0.49679647902602797
271,0.9859452790212889,0.562179695716951,0.26004755658056256,0.3211430327661666,0.49679647902602797
257,0.9882764980045445,0.196558257624589,0.3775234414836943,0.539155884950653,0.49679647902602797
342,0.9835358887775585,0.25132594489177307,0.3685190926233637,0.4898903265779956,0.49679647902602797
64,0.4686384898075807,0.16895789780618853,0.2921266017781531,0.02973048679176349,0.49679647902602797
449,0.22263128855489933,0.11920807023445246,0.05151399071008389,0.07896309198614482,0.49679647902602797
435,0.9371689734156056,0.3430678776944911,0.3991351614552269,0.44918270744269984,0.49679647902602797
67,0.788455989842006,0.43229897905060866,0.22609600248873585,0.2755550311078008,0.49679647902602797
149,0.7598833830068861,0.4233138507546501,0.2646122157278845,0.2629212158458287,0.49679647902602797
220,0.7049312978548864,0.11442065450051209,0.2590495671082833,0.3404805356612228,0.49679647902602797
148,0.6749717605189908,0.0573613480032249,0.40484463515624736,0.007557175282329132,0.47180101650350614
401,0.8384156720624092,0.2508291530060325,0.42474219807121005,0.031859228735547696,0.47180101650350614
338,0.878753088955733,0.598160858686194,0.1853541513678495,0.0039515504560201364,0.47180101650350614
319,0.7180816775707577,0.18159579541500892,0.02905673934757269,0.4806063013043842,0.47180101650350614
289,0.7091347186708058,0.14674789367716057,0.09963701121007718,0.023039382966819955,0.47180101650350614
489,0.534708270116159,0.06534027937456466,0.20690996047762245,0.12967430135825408,0.47180101650350614
317,0.38339987216197247,0.03633366223812806,0.06702157717545443,0.08893028541852588,0.47180101650350614
345,0.7769633015057241,0.15173479416142177,0.12622926138827828,0.29579532752299964,0.47180101650350614
252,0.7072985472888993,0.09107379551387307,0.06576897954133565,0.4066691306836202,0.47180101650350614
184,0.7439914481739074,0.08525373894462995,0.018995959254278105,0.2142433043463049,0.47180101650350614
266,0.960669010473435,0.2927896061170574,0.0030163274060079903,0.1781791386529613,0.47180101650350614
429,0.9987663713333796,0.2052021140736604,0.042167735004124185,0.3756377039408375,0.47180101650350614
386,0.5480027325020125,0.017548456922216515,0.258974007206878,0.12502334696173523,0.47180101650350614
109,0.4448882998927307,0.08684529205949287,0.022373046636855243,0.05879773989660542,0.47180101650350614
105,0.7297268037114442,0.3683078574067691,0.23455043991939706,0.05581712113464776,0.47180101650350614
379,0.7374504884865432,0.33321479175491675,0.13423766018447547,0.23983094298358976,0.47180101650350614
448,0.8083649113325038,0.010396808729355222,0.06833400645337873,0.029755619276950585,0.47180101650350614
377,0.8246212436096056,0.4858038903604911,0.0938647891353862,0.0071671734225843275,0.47180101650350614
376,0.9032473009332131,0.04959958315062185,0.02764773345342786,0.6195048250595321,0.47180101650350614
453,0.4107125030224268,0.03268775882974362,0.011273054156048845,0.2553499553396247,0.47180101650350614
243,0.5371321514356299,0.023624726907973348,0.31161329542691196,0.12049876259006431,0.47180101650350614
127,0.6416701119009696,0.22545378006441685,0.2188856344150687,0.03345974887313374,0.47180101650350614
202,0.9571316764956425,0.47614718317134797,0.19265165428647224,0.12030121537191318,0.47180101650350614
398,0.6820347013609186,0.31803875135101634,0.020846767894983298,0.07303493032359598,0.47180101650350614
261,0.8880923621092096,0.23926817305841486,0.3582029185172877,0.26810444347103524,0.47180101650350614
399,0.7285051227370538,0.3432070251485334,0.26090298678271207,0.05389259845912864,0.47180101650350614
153,0.8579647643516471,0.359946015496694,0.3819768372449389,0.006544366890085973,0.47180101650350614
